1834800 non-violating size-3 partial labelings in 808 full-group orbit types [43s]
type sizes: [(2304, 250), (4608, 181), (1152, 149), (576, 127), (288, 47), (9216, 16), (768, 11), (96, 6), (192, 6), (384, 5), (144, 4), (1536, 4), (72, 2)]
  type    0 size      72 removed      8 orbit-cols -> solution (rank 94064)  [ranks=(1, 2, 1) edges=E-E nonsimplex mags=(1, 1, 1) 01:eq 02:ne 12:eq]
  type    1 size     576 removed     64 orbit-cols -> solution (rank 94064)  [ranks=(1, 2, 1) edges=E-E nonsimplex mags=(1, 1, 2) 01:eq]
  type    2 size     288 removed     32 orbit-cols -> solution (rank 94064)  [ranks=(1, 2, 1) edges=E-E nonsimplex mags=(1, 1, 2) 02:eq]
  type    3 size     288 removed     32 orbit-cols -> solution (rank 94064)  [ranks=(1, 2, 1) edges=E-E nonsimplex mags=(1, 1, 2) 02:ne]
  type    4 size     576 removed     64 orbit-cols -> solution (rank 94064)  [ranks=(1, 2, 1) edges=E-E nonsimplex mags=(1, 2, 3) ]
  type    5 size      72 removed      8 orbit-cols -> solution (rank 94064)  [ranks=(1, 2, 2) edges=EE- nonsimplex mags=(1, 1, 1) 01:eq 02:eq 12:ne]
  type    6 size     576 removed     64 orbit-cols -> solution (rank 94064)  [ranks=(1, 2, 2) edges=EE- nonsimplex mags=(1, 1, 2) 01:eq]
  type    7 size     288 removed     32 orbit-cols -> solution (rank 94064)  [ranks=(1, 2, 2) edges=EE- nonsimplex mags=(1, 2, 2) 12:eq]
  type    8 size     288 removed     32 orbit-cols -> solution (rank 94064)  [ranks=(1, 2, 2) edges=EE- nonsimplex mags=(1, 2, 2) 12:ne]
  type    9 size     576 removed     64 orbit-cols -> solution (rank 94064)  [ranks=(1, 2, 2) edges=EE- nonsimplex mags=(1, 2, 3) ]
  type   10 size     576 removed     64 orbit-cols -> solution (rank 94064)  [ranks=(1, 2, 3) edges=EE- nonsimplex mags=(1, 1, 1) 01:eq 02:eq 12:eq]
  type   11 size    2304 removed    256 orbit-cols -> solution (rank 94064)  [ranks=(1, 2, 3) edges=EE- nonsimplex mags=(1, 1, 2) 01:eq]
  type   12 size    2304 removed    256 orbit-cols -> solution (rank 94064)  [ranks=(1, 2, 3) edges=EE- nonsimplex mags=(1, 1, 2) 02:eq]
  type   13 size    2304 removed    256 orbit-cols -> solution (rank 94064)  [ranks=(1, 2, 3) edges=EE- nonsimplex mags=(1, 2, 2) 12:eq]
  type   14 size    2304 removed    256 orbit-cols -> solution (rank 94064)  [ranks=(1, 2, 3) edges=EE- nonsimplex mags=(1, 2, 2) 12:ne]
  type   15 size    4608 removed    512 orbit-cols -> solution (rank 94060)  [ranks=(1, 2, 3) edges=EE- nonsimplex mags=(1, 2, 3) ]
  type   16 size     576 removed     64 orbit-cols -> solution (rank 94064)  [ranks=(1, 2, 2) edges=E-- nonsimplex mags=(1, 1, 1) 01:eq 02:eq 12:ne]
  type   17 size     576 removed     64 orbit-cols -> solution (rank 94064)  [ranks=(1, 2, 2) edges=E-- nonsimplex mags=(1, 1, 1) 01:eq 02:ne 12:eq]
  type   18 size    2304 removed    256 orbit-cols -> solution (rank 94064)  [ranks=(1, 2, 2) edges=E-- nonsimplex mags=(1, 1, 2) 01:eq]
  type   19 size    2304 removed    256 orbit-cols -> solution (rank 94064)  [ranks=(1, 2, 2) edges=E-- nonsimplex mags=(1, 1, 2) 02:eq]
  type   20 size    2304 removed    256 orbit-cols -> solution (rank 94064)  [ranks=(1, 2, 2) edges=E-- nonsimplex mags=(1, 1, 2) 02:ne]
  type   21 size    2304 removed    256 orbit-cols -> solution (rank 94064)  [ranks=(1, 2, 2) edges=E-- nonsimplex mags=(1, 2, 2) 12:eq]
  type   22 size    2304 removed    256 orbit-cols -> solution (rank 94064)  [ranks=(1, 2, 2) edges=E-- nonsimplex mags=(1, 2, 2) 12:ne]
  type   23 size    4608 removed    512 orbit-cols -> solution (rank 94057)  [ranks=(1, 2, 2) edges=E-- nonsimplex mags=(1, 2, 3) ]
  type   24 size     576 removed     64 orbit-cols -> solution (rank 94064)  [ranks=(1, 2, 3) edges=EEE simplex mags=(1, 1, 1) 01:eq 02:eq 12:eq]
  type   25 size    2304 removed    256 orbit-cols -> solution (rank 94064)  [ranks=(1, 2, 3) edges=EEE simplex mags=(1, 1, 2) 01:eq]
  type   26 size    2304 removed    256 orbit-cols -> solution (rank 94064)  [ranks=(1, 2, 3) edges=EEE simplex mags=(1, 1, 2) 02:eq]
  type   27 size    2304 removed    256 orbit-cols -> solution (rank 94064)  [ranks=(1, 2, 3) edges=EEE simplex mags=(1, 2, 2) 12:eq]
  type   28 size    4608 removed    512 orbit-cols -> NO solution (rank 94053)  [ranks=(1, 2, 3) edges=EEE simplex mags=(1, 2, 3) ]
  type   29 size     288 removed     32 orbit-cols -> solution (rank 94064)  [ranks=(1, 2, 2) edges=EE- nonsimplex mags=(1, 1, 1) 01:eq 02:eq 12:eq]
  type   30 size    2304 removed    256 orbit-cols -> solution (rank 94044)  [ranks=(1, 2, 2) edges=EE- nonsimplex mags=(1, 1, 2) 01:eq]
  type   31 size    1152 removed    128 orbit-cols -> solution (rank 94064)  [ranks=(1, 2, 2) edges=EE- nonsimplex mags=(1, 2, 2) 12:eq]
  type   32 size    1152 removed    128 orbit-cols -> solution (rank 94064)  [ranks=(1, 2, 2) edges=EE- nonsimplex mags=(1, 2, 2) 12:ne]
  type   33 size    2304 removed    256 orbit-cols -> solution (rank 94064)  [ranks=(1, 2, 2) edges=EE- nonsimplex mags=(1, 2, 3) ]
  type   34 size     576 removed     64 orbit-cols -> solution (rank 94064)  [ranks=(1, 2, 1) edges=E-- nonsimplex mags=(1, 1, 1) 01:eq 02:eq 12:ne]
  type   35 size    1152 removed    128 orbit-cols -> solution (rank 94064)  [ranks=(1, 2, 1) edges=E-- nonsimplex mags=(1, 1, 2) 01:eq]
  type   36 size    2304 removed    256 orbit-cols -> solution (rank 94064)  [ranks=(1, 2, 1) edges=E-- nonsimplex mags=(1, 1, 2) 02:eq]
  type   37 size    2304 removed    256 orbit-cols -> solution (rank 94064)  [ranks=(1, 2, 1) edges=E-- nonsimplex mags=(1, 2, 2) 12:eq]
  type   38 size    2304 removed    256 orbit-cols -> solution (rank 94060)  [ranks=(1, 2, 1) edges=E-- nonsimplex mags=(1, 2, 3) ]
  type   39 size     576 removed     64 orbit-cols -> solution (rank 94064)  [ranks=(1, 2, 4) edges=EE- nonsimplex mags=(1, 1, 1) 01:eq 02:eq 12:eq]
  type   40 size    2304 removed    256 orbit-cols -> solution (rank 94064)  [ranks=(1, 2, 4) edges=EE- nonsimplex mags=(1, 1, 2) 01:eq]
  type   41 size    2304 removed    256 orbit-cols -> solution (rank 94064)  [ranks=(1, 2, 4) edges=EE- nonsimplex mags=(1, 1, 2) 02:eq]
  type   42 size    2304 removed    256 orbit-cols -> solution (rank 94064)  [ranks=(1, 2, 4) edges=EE- nonsimplex mags=(1, 2, 2) 12:eq]
  type   43 size    2304 removed    256 orbit-cols -> solution (rank 94064)  [ranks=(1, 2, 4) edges=EE- nonsimplex mags=(1, 2, 2) 12:ne]
  type   44 size    4608 removed    512 orbit-cols -> solution (rank 94058)  [ranks=(1, 2, 4) edges=EE- nonsimplex mags=(1, 2, 3) ]
  type   45 size     576 removed     64 orbit-cols -> solution (rank 94064)  [ranks=(1, 2, 3) edges=E-- nonsimplex mags=(1, 1, 1) 01:eq 02:eq 12:ne]
  type   46 size     576 removed     64 orbit-cols -> solution (rank 94064)  [ranks=(1, 2, 3) edges=E-- nonsimplex mags=(1, 1, 1) 01:eq 02:ne 12:eq]
  type   47 size    2304 removed    256 orbit-cols -> solution (rank 94064)  [ranks=(1, 2, 3) edges=E-- nonsimplex mags=(1, 1, 2) 01:eq]
  type   48 size    2304 removed    256 orbit-cols -> solution (rank 94064)  [ranks=(1, 2, 3) edges=E-- nonsimplex mags=(1, 1, 2) 02:eq]
  type   49 size    2304 removed    256 orbit-cols -> solution (rank 94064)  [ranks=(1, 2, 3) edges=E-- nonsimplex mags=(1, 1, 2) 02:ne]
  type   50 size    2304 removed    256 orbit-cols -> solution (rank 94064)  [ranks=(1, 2, 3) edges=E-- nonsimplex mags=(1, 2, 2) 12:eq]
  type   51 size    2304 removed    256 orbit-cols -> solution (rank 94064)  [ranks=(1, 2, 3) edges=E-- nonsimplex mags=(1, 2, 2) 12:ne]
  type   52 size    4608 removed    512 orbit-cols -> solution (rank 94064)  [ranks=(1, 2, 3) edges=E-- nonsimplex mags=(1, 2, 3) ]
  type   53 size     576 removed     64 orbit-cols -> solution (rank 94064)  [ranks=(1, 2, 4) edges=EEE simplex mags=(1, 1, 1) 01:eq 02:eq 12:eq]
  type   54 size    2304 removed    256 orbit-cols -> solution (rank 94064)  [ranks=(1, 2, 4) edges=EEE simplex mags=(1, 1, 2) 01:eq]
  type   55 size    2304 removed    256 orbit-cols -> solution (rank 94064)  [ranks=(1, 2, 4) edges=EEE simplex mags=(1, 1, 2) 02:eq]
  type   56 size    2304 removed    256 orbit-cols -> solution (rank 94064)  [ranks=(1, 2, 4) edges=EEE simplex mags=(1, 2, 2) 12:eq]
  type   57 size    4608 removed    512 orbit-cols -> NO solution (rank 94047)  [ranks=(1, 2, 4) edges=EEE simplex mags=(1, 2, 3) ]
  type   58 size     576 removed     64 orbit-cols -> solution (rank 94064)  [ranks=(1, 2, 3) edges=EE- nonsimplex mags=(1, 1, 1) 01:eq 02:eq 12:eq]
  type   59 size    2304 removed    256 orbit-cols -> solution (rank 94064)  [ranks=(1, 2, 3) edges=EE- nonsimplex mags=(1, 1, 2) 01:eq]
  type   60 size    2304 removed    256 orbit-cols -> solution (rank 94064)  [ranks=(1, 2, 3) edges=EE- nonsimplex mags=(1, 1, 2) 02:eq]
  type   61 size    2304 removed    256 orbit-cols -> solution (rank 94064)  [ranks=(1, 2, 3) edges=EE- nonsimplex mags=(1, 2, 2) 12:eq]
  type   62 size    2304 removed    256 orbit-cols -> solution (rank 94064)  [ranks=(1, 2, 3) edges=EE- nonsimplex mags=(1, 2, 2) 12:ne]
  type   63 size    4608 removed    512 orbit-cols -> solution (rank 94064)  [ranks=(1, 2, 3) edges=EE- nonsimplex mags=(1, 2, 3) ]
  type   64 size     576 removed     64 orbit-cols -> solution (rank 94064)  [ranks=(1, 2, 2) edges=E-- nonsimplex mags=(1, 1, 1) 01:eq 02:eq 12:ne]
  type   65 size    1152 removed    128 orbit-cols -> solution (rank 94064)  [ranks=(1, 2, 2) edges=E-- nonsimplex mags=(1, 1, 2) 01:eq]
  type   66 size    2304 removed    256 orbit-cols -> solution (rank 94064)  [ranks=(1, 2, 2) edges=E-- nonsimplex mags=(1, 1, 2) 02:eq]
  type   67 size    2304 removed    256 orbit-cols -> solution (rank 94064)  [ranks=(1, 2, 2) edges=E-- nonsimplex mags=(1, 2, 2) 12:eq]
  type   68 size    2304 removed    256 orbit-cols -> solution (rank 94061)  [ranks=(1, 2, 2) edges=E-- nonsimplex mags=(1, 2, 3) ]
  type   69 size     288 removed     32 orbit-cols -> solution (rank 94064)  [ranks=(1, 1, 3) edges=-EE nonsimplex mags=(1, 1, 1) 01:eq 02:eq 12:eq]
  type   70 size    1152 removed    128 orbit-cols -> solution (rank 94064)  [ranks=(1, 1, 3) edges=-EE nonsimplex mags=(1, 1, 2) 01:eq]
  type   71 size    1152 removed    128 orbit-cols -> solution (rank 94040)  [ranks=(1, 1, 3) edges=-EE nonsimplex mags=(1, 1, 2) 01:ne]
  type   72 size    2304 removed    256 orbit-cols -> solution (rank 94047)  [ranks=(1, 1, 3) edges=-EE nonsimplex mags=(1, 1, 2) 02:eq]
  type   73 size    2304 removed    256 orbit-cols -> solution (rank 94059)  [ranks=(1, 1, 3) edges=-EE nonsimplex mags=(1, 2, 3) ]
  type   74 size      96 removed     12 orbit-cols -> solution (rank 94064)  [ranks=(1, 1, 1) edges=--- nonsimplex mags=(1, 1, 1) 01:eq 02:eq 12:eq]
  type   75 size     576 removed     64 orbit-cols -> solution (rank 94061)  [ranks=(1, 1, 1) edges=--- nonsimplex mags=(1, 1, 2) 01:eq]
  type   76 size     192 removed     24 orbit-cols -> solution (rank 94063)  [ranks=(1, 1, 1) edges=--- nonsimplex mags=(1, 2, 3) ]
  type   77 size     288 removed     32 orbit-cols -> solution (rank 94064)  [ranks=(1, 1, 4) edges=-EE nonsimplex mags=(1, 1, 1) 01:eq 02:eq 12:eq]
  type   78 size    1152 removed    128 orbit-cols -> solution (rank 94064)  [ranks=(1, 1, 4) edges=-EE nonsimplex mags=(1, 1, 2) 01:eq]
  type   79 size    1152 removed    128 orbit-cols -> solution (rank 94040)  [ranks=(1, 1, 4) edges=-EE nonsimplex mags=(1, 1, 2) 01:ne]
  type   80 size    2304 removed    256 orbit-cols -> solution (rank 94041)  [ranks=(1, 1, 4) edges=-EE nonsimplex mags=(1, 1, 2) 02:eq]
  type   81 size    2304 removed    256 orbit-cols -> solution (rank 94057)  [ranks=(1, 1, 4) edges=-EE nonsimplex mags=(1, 2, 3) ]
  type   82 size     576 removed     64 orbit-cols -> solution (rank 94064)  [ranks=(1, 1, 3) edges=--E nonsimplex mags=(1, 1, 1) 01:eq 02:ne 12:eq]
  type   83 size    2304 removed    256 orbit-cols -> solution (rank 94064)  [ranks=(1, 1, 3) edges=--E nonsimplex mags=(1, 1, 2) 01:eq]
  type   84 size    2304 removed    256 orbit-cols -> solution (rank 94064)  [ranks=(1, 1, 3) edges=--E nonsimplex mags=(1, 1, 2) 02:eq]
  type   85 size    1152 removed    128 orbit-cols -> solution (rank 94064)  [ranks=(1, 1, 3) edges=--E nonsimplex mags=(1, 2, 2) 12:eq]
  type   86 size    2304 removed    256 orbit-cols -> solution (rank 94064)  [ranks=(1, 1, 3) edges=--E nonsimplex mags=(1, 2, 3) ]
  type   87 size     288 removed     32 orbit-cols -> solution (rank 94064)  [ranks=(1, 1, 2) edges=--- nonsimplex mags=(1, 1, 1) 01:eq 02:eq 12:eq]
  type   88 size     576 removed     64 orbit-cols -> solution (rank 94064)  [ranks=(1, 1, 2) edges=--- nonsimplex mags=(1, 1, 2) 01:eq]
  type   89 size    1152 removed    128 orbit-cols -> solution (rank 94064)  [ranks=(1, 1, 2) edges=--- nonsimplex mags=(1, 1, 2) 02:eq]
  type   90 size     576 removed     64 orbit-cols -> solution (rank 94064)  [ranks=(1, 1, 2) edges=--- nonsimplex mags=(1, 2, 3) ]
  type   91 size     288 removed     32 orbit-cols -> solution (rank 94064)  [ranks=(1, 3, 2) edges=E-E nonsimplex mags=(1, 1, 1) 01:eq 02:ne 12:eq]
  type   92 size    1152 removed    128 orbit-cols -> solution (rank 94064)  [ranks=(1, 3, 2) edges=E-E nonsimplex mags=(1, 1, 2) 01:eq]
  type   93 size    1152 removed    128 orbit-cols -> solution (rank 94064)  [ranks=(1, 3, 2) edges=E-E nonsimplex mags=(1, 1, 2) 02:eq]
  type   94 size    1152 removed    128 orbit-cols -> solution (rank 94064)  [ranks=(1, 3, 2) edges=E-E nonsimplex mags=(1, 1, 2) 02:ne]
  type   95 size    1152 removed    128 orbit-cols -> solution (rank 94064)  [ranks=(1, 3, 2) edges=E-E nonsimplex mags=(1, 2, 2) 12:eq]
  type   96 size    2304 removed    256 orbit-cols -> solution (rank 94064)  [ranks=(1, 3, 2) edges=E-E nonsimplex mags=(1, 2, 3) ]
  type   97 size     144 removed     16 orbit-cols -> solution (rank 94064)  [ranks=(1, 3, 3) edges=EE- nonsimplex mags=(1, 1, 1) 01:eq 02:eq 12:ne]
  type   98 size    1152 removed    128 orbit-cols -> solution (rank 94064)  [ranks=(1, 3, 3) edges=EE- nonsimplex mags=(1, 1, 2) 01:eq]
  type   99 size     576 removed     64 orbit-cols -> solution (rank 94064)  [ranks=(1, 3, 3) edges=EE- nonsimplex mags=(1, 2, 2) 12:eq]
  type  100 size     576 removed     64 orbit-cols -> solution (rank 94064)  [ranks=(1, 3, 3) edges=EE- nonsimplex mags=(1, 2, 2) 12:ne]
  type  101 size    1152 removed    128 orbit-cols -> solution (rank 94064)  [ranks=(1, 3, 3) edges=EE- nonsimplex mags=(1, 2, 3) ]
  type  102 size     288 removed     32 orbit-cols -> solution (rank 94064)  [ranks=(1, 3, 3) edges=EE- nonsimplex mags=(1, 1, 1) 01:eq 02:eq 12:eq]
  type  103 size    2304 removed    256 orbit-cols -> solution (rank 94054)  [ranks=(1, 3, 3) edges=EE- nonsimplex mags=(1, 1, 2) 01:eq]
  type  104 size    1152 removed    128 orbit-cols -> solution (rank 94064)  [ranks=(1, 3, 3) edges=EE- nonsimplex mags=(1, 2, 2) 12:eq]
  type  105 size    1152 removed    128 orbit-cols -> solution (rank 94048)  [ranks=(1, 3, 3) edges=EE- nonsimplex mags=(1, 2, 2) 12:ne]
  type  106 size    2304 removed    256 orbit-cols -> solution (rank 94062)  [ranks=(1, 3, 3) edges=EE- nonsimplex mags=(1, 2, 3) ]
  type  107 size     576 removed     64 orbit-cols -> solution (rank 94064)  [ranks=(1, 3, 2) edges=E-- nonsimplex mags=(1, 1, 1) 01:eq 02:eq 12:ne]
  type  108 size    1152 removed    128 orbit-cols -> solution (rank 94064)  [ranks=(1, 3, 2) edges=E-- nonsimplex mags=(1, 1, 2) 01:eq]
  type  109 size    2304 removed    256 orbit-cols -> solution (rank 94064)  [ranks=(1, 3, 2) edges=E-- nonsimplex mags=(1, 1, 2) 02:eq]
  type  110 size    2304 removed    256 orbit-cols -> solution (rank 94064)  [ranks=(1, 3, 2) edges=E-- nonsimplex mags=(1, 2, 2) 12:eq]
  type  111 size    2304 removed    256 orbit-cols -> solution (rank 94064)  [ranks=(1, 3, 2) edges=E-- nonsimplex mags=(1, 2, 3) ]
  type  112 size    1152 removed    128 orbit-cols -> solution (rank 94064)  [ranks=(1, 3, 4) edges=EE- nonsimplex mags=(1, 1, 1) 01:eq 02:eq 12:eq]
  type  113 size    4608 removed    512 orbit-cols -> solution (rank 94064)  [ranks=(1, 3, 4) edges=EE- nonsimplex mags=(1, 1, 2) 01:eq]
  type  114 size    4608 removed    512 orbit-cols -> solution (rank 94064)  [ranks=(1, 3, 4) edges=EE- nonsimplex mags=(1, 1, 2) 02:eq]
  type  115 size    4608 removed    512 orbit-cols -> solution (rank 94064)  [ranks=(1, 3, 4) edges=EE- nonsimplex mags=(1, 2, 2) 12:eq]
  type  116 size    4608 removed    512 orbit-cols -> solution (rank 94000)  [ranks=(1, 3, 4) edges=EE- nonsimplex mags=(1, 2, 2) 12:ne]
  type  117 size    9216 removed   1024 orbit-cols -> solution (rank 94048)  [ranks=(1, 3, 4) edges=EE- nonsimplex mags=(1, 2, 3) ]
  type  118 size    1152 removed    128 orbit-cols -> solution (rank 94064)  [ranks=(1, 3, 3) edges=E-- nonsimplex mags=(1, 1, 1) 01:eq 02:eq 12:ne]
  type  119 size    2304 removed    256 orbit-cols -> solution (rank 94064)  [ranks=(1, 3, 3) edges=E-- nonsimplex mags=(1, 1, 2) 01:eq]
  type  120 size    4608 removed    512 orbit-cols -> solution (rank 94064)  [ranks=(1, 3, 3) edges=E-- nonsimplex mags=(1, 1, 2) 02:eq]
  type  121 size    4608 removed    512 orbit-cols -> solution (rank 94064)  [ranks=(1, 3, 3) edges=E-- nonsimplex mags=(1, 2, 2) 12:eq]
  type  122 size    4608 removed    512 orbit-cols -> solution (rank 94060)  [ranks=(1, 3, 3) edges=E-- nonsimplex mags=(1, 2, 3) ]
  type  123 size     576 removed     64 orbit-cols -> solution (rank 94064)  [ranks=(1, 3, 3) edges=EE- nonsimplex mags=(1, 1, 1) 01:eq 02:eq 12:eq]
  type  124 size    4608 removed    512 orbit-cols -> solution (rank 94020)  [ranks=(1, 3, 3) edges=EE- nonsimplex mags=(1, 1, 2) 01:eq]
  type  125 size    2304 removed    256 orbit-cols -> solution (rank 94064)  [ranks=(1, 3, 3) edges=EE- nonsimplex mags=(1, 2, 2) 12:eq]
  type  126 size    2304 removed    256 orbit-cols -> solution (rank 94064)  [ranks=(1, 3, 3) edges=EE- nonsimplex mags=(1, 2, 2) 12:ne]
  type  127 size    4608 removed    512 orbit-cols -> solution (rank 94056)  [ranks=(1, 3, 3) edges=EE- nonsimplex mags=(1, 2, 3) ]
  type  128 size    1152 removed    128 orbit-cols -> solution (rank 94064)  [ranks=(1, 3, 2) edges=E-- nonsimplex mags=(1, 1, 1) 01:eq 02:eq 12:ne]
  type  129 size    1152 removed    128 orbit-cols -> solution (rank 94064)  [ranks=(1, 3, 2) edges=E-- nonsimplex mags=(1, 1, 1) 01:eq 02:ne 12:eq]
  type  130 size    4608 removed    512 orbit-cols -> solution (rank 94064)  [ranks=(1, 3, 2) edges=E-- nonsimplex mags=(1, 1, 2) 01:eq]
  type  131 size    4608 removed    512 orbit-cols -> solution (rank 94064)  [ranks=(1, 3, 2) edges=E-- nonsimplex mags=(1, 1, 2) 02:eq]
  type  132 size    4608 removed    512 orbit-cols -> solution (rank 94064)  [ranks=(1, 3, 2) edges=E-- nonsimplex mags=(1, 1, 2) 02:ne]
  type  133 size    4608 removed    512 orbit-cols -> solution (rank 94064)  [ranks=(1, 3, 2) edges=E-- nonsimplex mags=(1, 2, 2) 12:eq]
  type  134 size    4608 removed    512 orbit-cols -> solution (rank 94064)  [ranks=(1, 3, 2) edges=E-- nonsimplex mags=(1, 2, 2) 12:ne]
  type  135 size    9216 removed   1024 orbit-cols -> solution (rank 94045)  [ranks=(1, 3, 2) edges=E-- nonsimplex mags=(1, 2, 3) ]
  type  136 size     576 removed     64 orbit-cols -> solution (rank 94064)  [ranks=(1, 3, 3) edges=EE- nonsimplex mags=(1, 1, 1) 01:eq 02:eq 12:ne]
  type  137 size    4608 removed    512 orbit-cols -> solution (rank 94020)  [ranks=(1, 3, 3) edges=EE- nonsimplex mags=(1, 1, 2) 01:eq]
  type  138 size    2304 removed    256 orbit-cols -> solution (rank 94032)  [ranks=(1, 3, 3) edges=EE- nonsimplex mags=(1, 2, 2) 12:eq]
  type  139 size    2304 removed    256 orbit-cols -> solution (rank 94064)  [ranks=(1, 3, 3) edges=EE- nonsimplex mags=(1, 2, 2) 12:ne]
  type  140 size    4608 removed    512 orbit-cols -> solution (rank 94056)  [ranks=(1, 3, 3) edges=EE- nonsimplex mags=(1, 2, 3) ]
  type  141 size     576 removed     64 orbit-cols -> solution (rank 94064)  [ranks=(1, 3, 4) edges=EE- nonsimplex mags=(1, 1, 1) 01:eq 02:eq 12:eq]
  type  142 size    2304 removed    256 orbit-cols -> solution (rank 94064)  [ranks=(1, 3, 4) edges=EE- nonsimplex mags=(1, 1, 2) 01:eq]
  type  143 size    2304 removed    256 orbit-cols -> solution (rank 94064)  [ranks=(1, 3, 4) edges=EE- nonsimplex mags=(1, 1, 2) 02:eq]
  type  144 size    2304 removed    256 orbit-cols -> solution (rank 94064)  [ranks=(1, 3, 4) edges=EE- nonsimplex mags=(1, 2, 2) 12:eq]
  type  145 size    2304 removed    256 orbit-cols -> solution (rank 94064)  [ranks=(1, 3, 4) edges=EE- nonsimplex mags=(1, 2, 2) 12:ne]
  type  146 size    4608 removed    512 orbit-cols -> solution (rank 94064)  [ranks=(1, 3, 4) edges=EE- nonsimplex mags=(1, 2, 3) ]
  type  147 size     576 removed     64 orbit-cols -> solution (rank 94064)  [ranks=(1, 3, 3) edges=E-- nonsimplex mags=(1, 1, 1) 01:eq 02:eq 12:ne]
  type  148 size     576 removed     64 orbit-cols -> solution (rank 94064)  [ranks=(1, 3, 3) edges=E-- nonsimplex mags=(1, 1, 1) 01:eq 02:ne 12:eq]
  type  149 size    2304 removed    256 orbit-cols -> solution (rank 94064)  [ranks=(1, 3, 3) edges=E-- nonsimplex mags=(1, 1, 2) 01:eq]
  type  150 size    2304 removed    256 orbit-cols -> solution (rank 94064)  [ranks=(1, 3, 3) edges=E-- nonsimplex mags=(1, 1, 2) 02:eq]
  type  151 size    2304 removed    256 orbit-cols -> solution (rank 94064)  [ranks=(1, 3, 3) edges=E-- nonsimplex mags=(1, 1, 2) 02:ne]
  type  152 size    2304 removed    256 orbit-cols -> solution (rank 94064)  [ranks=(1, 3, 3) edges=E-- nonsimplex mags=(1, 2, 2) 12:eq]
  type  153 size    2304 removed    256 orbit-cols -> solution (rank 94064)  [ranks=(1, 3, 3) edges=E-- nonsimplex mags=(1, 2, 2) 12:ne]
  type  154 size    4608 removed    512 orbit-cols -> solution (rank 94060)  [ranks=(1, 3, 3) edges=E-- nonsimplex mags=(1, 2, 3) ]
  type  155 size     576 removed     64 orbit-cols -> solution (rank 94064)  [ranks=(1, 3, 4) edges=EEE simplex mags=(1, 1, 1) 01:eq 02:eq 12:eq]
  type  156 size    2304 removed    256 orbit-cols -> solution (rank 94064)  [ranks=(1, 3, 4) edges=EEE simplex mags=(1, 1, 2) 01:eq]
  type  157 size    2304 removed    256 orbit-cols -> solution (rank 94064)  [ranks=(1, 3, 4) edges=EEE simplex mags=(1, 1, 2) 02:eq]
  type  158 size    2304 removed    256 orbit-cols -> solution (rank 94064)  [ranks=(1, 3, 4) edges=EEE simplex mags=(1, 2, 2) 12:eq]
  type  159 size    4608 removed    512 orbit-cols -> NO solution (rank 94053)  [ranks=(1, 3, 4) edges=EEE simplex mags=(1, 2, 3) ]
  type  160 size     288 removed     32 orbit-cols -> solution (rank 94064)  [ranks=(1, 2, 2) edges=--- nonsimplex mags=(1, 1, 1) 01:eq 02:eq 12:eq]
  type  161 size    1152 removed    128 orbit-cols -> solution (rank 94064)  [ranks=(1, 2, 2) edges=--- nonsimplex mags=(1, 1, 2) 01:eq]
  type  162 size     576 removed     64 orbit-cols -> solution (rank 94064)  [ranks=(1, 2, 2) edges=--- nonsimplex mags=(1, 2, 2) 12:eq]
  type  163 size     576 removed     64 orbit-cols -> solution (rank 94064)  [ranks=(1, 2, 2) edges=--- nonsimplex mags=(1, 2, 3) ]
  type  164 size    1152 removed    128 orbit-cols -> solution (rank 94064)  [ranks=(1, 2, 4) edges=-E- nonsimplex mags=(1, 1, 1) 01:eq 02:eq 12:ne]
  type  165 size    4608 removed    512 orbit-cols -> solution (rank 94064)  [ranks=(1, 2, 4) edges=-E- nonsimplex mags=(1, 1, 2) 01:eq]
  type  166 size    2304 removed    256 orbit-cols -> solution (rank 94064)  [ranks=(1, 2, 4) edges=-E- nonsimplex mags=(1, 1, 2) 02:eq]
  type  167 size    4608 removed    512 orbit-cols -> solution (rank 94064)  [ranks=(1, 2, 4) edges=-E- nonsimplex mags=(1, 2, 2) 12:eq]
  type  168 size    4608 removed    512 orbit-cols -> solution (rank 94059)  [ranks=(1, 2, 4) edges=-E- nonsimplex mags=(1, 2, 3) ]
  type  169 size    1152 removed    128 orbit-cols -> solution (rank 94064)  [ranks=(1, 2, 3) edges=--- nonsimplex mags=(1, 1, 1) 01:eq 02:eq 12:eq]
  type  170 size    2304 removed    256 orbit-cols -> solution (rank 94064)  [ranks=(1, 2, 3) edges=--- nonsimplex mags=(1, 1, 2) 01:eq]
  type  171 size    2304 removed    256 orbit-cols -> solution (rank 94064)  [ranks=(1, 2, 3) edges=--- nonsimplex mags=(1, 1, 2) 02:eq]
  type  172 size    2304 removed    256 orbit-cols -> solution (rank 94064)  [ranks=(1, 2, 3) edges=--- nonsimplex mags=(1, 2, 2) 12:eq]
  type  173 size    2304 removed    256 orbit-cols -> solution (rank 94064)  [ranks=(1, 2, 3) edges=--- nonsimplex mags=(1, 2, 3) ]
  type  174 size     576 removed     64 orbit-cols -> solution (rank 94064)  [ranks=(1, 2, 2) edges=--- nonsimplex mags=(1, 1, 1) 01:eq 02:eq 12:eq]
  type  175 size     576 removed     64 orbit-cols -> solution (rank 94064)  [ranks=(1, 2, 2) edges=--- nonsimplex mags=(1, 1, 1) 01:eq 02:ne 12:ne]
  type  176 size    4608 removed    512 orbit-cols -> solution (rank 94044)  [ranks=(1, 2, 2) edges=--- nonsimplex mags=(1, 1, 2) 01:eq]
  type  177 size    1152 removed    128 orbit-cols -> solution (rank 94064)  [ranks=(1, 2, 2) edges=--- nonsimplex mags=(1, 2, 2) 12:eq]
  type  178 size    1152 removed    128 orbit-cols -> solution (rank 94064)  [ranks=(1, 2, 2) edges=--- nonsimplex mags=(1, 2, 2) 12:ne]
  type  179 size    2304 removed    256 orbit-cols -> solution (rank 94064)  [ranks=(1, 2, 2) edges=--- nonsimplex mags=(1, 2, 3) ]
  type  180 size     576 removed     64 orbit-cols -> solution (rank 94064)  [ranks=(1, 2, 4) edges=-EE nonsimplex mags=(1, 1, 1) 01:eq 02:eq 12:eq]
  type  181 size    2304 removed    256 orbit-cols -> solution (rank 94064)  [ranks=(1, 2, 4) edges=-EE nonsimplex mags=(1, 1, 2) 01:eq]
  type  182 size    2304 removed    256 orbit-cols -> solution (rank 94032)  [ranks=(1, 2, 4) edges=-EE nonsimplex mags=(1, 1, 2) 01:ne]
  type  183 size    2304 removed    256 orbit-cols -> solution (rank 94064)  [ranks=(1, 2, 4) edges=-EE nonsimplex mags=(1, 1, 2) 02:eq]
  type  184 size    2304 removed    256 orbit-cols -> solution (rank 94064)  [ranks=(1, 2, 4) edges=-EE nonsimplex mags=(1, 2, 2) 12:eq]
  type  185 size    4608 removed    512 orbit-cols -> solution (rank 94059)  [ranks=(1, 2, 4) edges=-EE nonsimplex mags=(1, 2, 3) ]
  type  186 size     576 removed     64 orbit-cols -> solution (rank 94064)  [ranks=(1, 2, 3) edges=--E nonsimplex mags=(1, 1, 1) 01:eq 02:ne 12:eq]
  type  187 size    2304 removed    256 orbit-cols -> solution (rank 94064)  [ranks=(1, 2, 3) edges=--E nonsimplex mags=(1, 1, 2) 01:eq]
  type  188 size    2304 removed    256 orbit-cols -> solution (rank 94064)  [ranks=(1, 2, 3) edges=--E nonsimplex mags=(1, 1, 2) 02:eq]
  type  189 size    1152 removed    128 orbit-cols -> solution (rank 94064)  [ranks=(1, 2, 3) edges=--E nonsimplex mags=(1, 2, 2) 12:eq]
  type  190 size    2304 removed    256 orbit-cols -> solution (rank 94064)  [ranks=(1, 2, 3) edges=--E nonsimplex mags=(1, 2, 3) ]
  type  191 size     192 removed     24 orbit-cols -> solution (rank 94064)  [ranks=(1, 4, 3) edges=E-E nonsimplex mags=(1, 1, 1) 01:eq 02:ne 12:eq]
  type  192 size     768 removed     96 orbit-cols -> solution (rank 94064)  [ranks=(1, 4, 3) edges=E-E nonsimplex mags=(1, 1, 2) 01:eq]
  type  193 size     768 removed     96 orbit-cols -> solution (rank 94064)  [ranks=(1, 4, 3) edges=E-E nonsimplex mags=(1, 1, 2) 02:eq]
  type  194 size     768 removed     96 orbit-cols -> solution (rank 94064)  [ranks=(1, 4, 3) edges=E-E nonsimplex mags=(1, 1, 2) 02:ne]
  type  195 size     768 removed     96 orbit-cols -> solution (rank 94064)  [ranks=(1, 4, 3) edges=E-E nonsimplex mags=(1, 2, 2) 12:eq]
  type  196 size    1536 removed    192 orbit-cols -> solution (rank 94064)  [ranks=(1, 4, 3) edges=E-E nonsimplex mags=(1, 2, 3) ]
  type  197 size      96 removed     12 orbit-cols -> solution (rank 94064)  [ranks=(1, 4, 4) edges=EE- nonsimplex mags=(1, 1, 1) 01:eq 02:eq 12:ne]
  type  198 size     768 removed     96 orbit-cols -> solution (rank 94064)  [ranks=(1, 4, 4) edges=EE- nonsimplex mags=(1, 1, 2) 01:eq]
  type  199 size     384 removed     48 orbit-cols -> solution (rank 94064)  [ranks=(1, 4, 4) edges=EE- nonsimplex mags=(1, 2, 2) 12:eq]
  type  200 size     384 removed     48 orbit-cols -> solution (rank 94064)  [ranks=(1, 4, 4) edges=EE- nonsimplex mags=(1, 2, 2) 12:ne]
  type  201 size     768 removed     96 orbit-cols -> solution (rank 94064)  [ranks=(1, 4, 4) edges=EE- nonsimplex mags=(1, 2, 3) ]
  type  202 size     288 removed     32 orbit-cols -> solution (rank 94064)  [ranks=(1, 4, 4) edges=EE- nonsimplex mags=(1, 1, 1) 01:eq 02:eq 12:eq]
  type  203 size    2304 removed    256 orbit-cols -> solution (rank 94048)  [ranks=(1, 4, 4) edges=EE- nonsimplex mags=(1, 1, 2) 01:eq]
  type  204 size    1152 removed    128 orbit-cols -> solution (rank 94064)  [ranks=(1, 4, 4) edges=EE- nonsimplex mags=(1, 2, 2) 12:eq]
  type  205 size    1152 removed    128 orbit-cols -> solution (rank 94044)  [ranks=(1, 4, 4) edges=EE- nonsimplex mags=(1, 2, 2) 12:ne]
  type  206 size    2304 removed    256 orbit-cols -> solution (rank 94060)  [ranks=(1, 4, 4) edges=EE- nonsimplex mags=(1, 2, 3) ]
  type  207 size     576 removed     64 orbit-cols -> solution (rank 94064)  [ranks=(1, 4, 3) edges=E-- nonsimplex mags=(1, 1, 1) 01:eq 02:eq 12:ne]
  type  208 size     576 removed     64 orbit-cols -> solution (rank 94064)  [ranks=(1, 4, 3) edges=E-- nonsimplex mags=(1, 1, 1) 01:eq 02:ne 12:eq]
  type  209 size    2304 removed    256 orbit-cols -> solution (rank 94064)  [ranks=(1, 4, 3) edges=E-- nonsimplex mags=(1, 1, 2) 01:eq]
  type  210 size    2304 removed    256 orbit-cols -> solution (rank 94064)  [ranks=(1, 4, 3) edges=E-- nonsimplex mags=(1, 1, 2) 02:eq]
  type  211 size    2304 removed    256 orbit-cols -> solution (rank 94064)  [ranks=(1, 4, 3) edges=E-- nonsimplex mags=(1, 1, 2) 02:ne]
  type  212 size    2304 removed    256 orbit-cols -> solution (rank 94064)  [ranks=(1, 4, 3) edges=E-- nonsimplex mags=(1, 2, 2) 12:eq]
  type  213 size    2304 removed    256 orbit-cols -> solution (rank 94064)  [ranks=(1, 4, 3) edges=E-- nonsimplex mags=(1, 2, 2) 12:ne]
  type  214 size    4608 removed    512 orbit-cols -> solution (rank 94064)  [ranks=(1, 4, 3) edges=E-- nonsimplex mags=(1, 2, 3) ]
  type  215 size     288 removed     32 orbit-cols -> solution (rank 94064)  [ranks=(1, 4, 4) edges=EE- nonsimplex mags=(1, 1, 1) 01:eq 02:eq 12:ne]
  type  216 size    2304 removed    256 orbit-cols -> solution (rank 94042)  [ranks=(1, 4, 4) edges=EE- nonsimplex mags=(1, 1, 2) 01:eq]
  type  217 size    1152 removed    128 orbit-cols -> solution (rank 94048)  [ranks=(1, 4, 4) edges=EE- nonsimplex mags=(1, 2, 2) 12:eq]
  type  218 size    1152 removed    128 orbit-cols -> solution (rank 94064)  [ranks=(1, 4, 4) edges=EE- nonsimplex mags=(1, 2, 2) 12:ne]
  type  219 size    2304 removed    256 orbit-cols -> solution (rank 94058)  [ranks=(1, 4, 4) edges=EE- nonsimplex mags=(1, 2, 3) ]
  type  220 size     288 removed     32 orbit-cols -> solution (rank 94064)  [ranks=(1, 3, 3) edges=--- nonsimplex mags=(1, 1, 1) 01:eq 02:eq 12:eq]
  type  221 size     288 removed     32 orbit-cols -> solution (rank 94064)  [ranks=(1, 3, 3) edges=--- nonsimplex mags=(1, 1, 1) 01:eq 02:ne 12:ne]
  type  222 size    2304 removed    256 orbit-cols -> solution (rank 94056)  [ranks=(1, 3, 3) edges=--- nonsimplex mags=(1, 1, 2) 01:eq]
  type  223 size     576 removed     64 orbit-cols -> solution (rank 94064)  [ranks=(1, 3, 3) edges=--- nonsimplex mags=(1, 2, 2) 12:eq]
  type  224 size     576 removed     64 orbit-cols -> solution (rank 94064)  [ranks=(1, 3, 3) edges=--- nonsimplex mags=(1, 2, 2) 12:ne]
  type  225 size    1152 removed    128 orbit-cols -> solution (rank 94064)  [ranks=(1, 3, 3) edges=--- nonsimplex mags=(1, 2, 3) ]
  type  226 size     576 removed     64 orbit-cols -> solution (rank 94064)  [ranks=(2, 2, 3) edges=--E nonsimplex mags=(1, 1, 1) 01:eq 02:ne 12:eq]
  type  227 size    2304 removed    256 orbit-cols -> solution (rank 94064)  [ranks=(2, 2, 3) edges=--E nonsimplex mags=(1, 1, 2) 01:eq]
  type  228 size    2304 removed    256 orbit-cols -> solution (rank 94064)  [ranks=(2, 2, 3) edges=--E nonsimplex mags=(1, 1, 2) 02:eq]
  type  229 size    1152 removed    128 orbit-cols -> solution (rank 94064)  [ranks=(2, 2, 3) edges=--E nonsimplex mags=(1, 2, 2) 12:eq]
  type  230 size    2304 removed    256 orbit-cols -> solution (rank 94064)  [ranks=(2, 2, 3) edges=--E nonsimplex mags=(1, 2, 3) ]
  type  231 size     288 removed     32 orbit-cols -> solution (rank 94064)  [ranks=(2, 2, 2) edges=--- nonsimplex mags=(1, 1, 1) 01:eq 02:eq 12:eq]
  type  232 size     288 removed     32 orbit-cols -> solution (rank 94064)  [ranks=(2, 2, 2) edges=--- nonsimplex mags=(1, 1, 1) 01:eq 02:ne 12:ne]
  type  233 size    1152 removed    128 orbit-cols -> solution (rank 94064)  [ranks=(2, 2, 2) edges=--- nonsimplex mags=(1, 1, 2) 01:eq]
  type  234 size     576 removed     64 orbit-cols -> solution (rank 94064)  [ranks=(2, 2, 2) edges=--- nonsimplex mags=(1, 1, 1) 01:ne 02:eq 12:ne]
  type  235 size    1152 removed    128 orbit-cols -> solution (rank 94064)  [ranks=(2, 2, 2) edges=--- nonsimplex mags=(1, 1, 2) 01:ne]
  type  236 size    2304 removed    256 orbit-cols -> solution (rank 94064)  [ranks=(2, 2, 2) edges=--- nonsimplex mags=(1, 1, 2) 02:eq]
  type  237 size    2304 removed    256 orbit-cols -> solution (rank 94064)  [ranks=(2, 2, 2) edges=--- nonsimplex mags=(1, 1, 2) 02:ne]
  type  238 size    2304 removed    256 orbit-cols -> solution (rank 94060)  [ranks=(2, 2, 2) edges=--- nonsimplex mags=(1, 2, 3) ]
  type  239 size     576 removed     64 orbit-cols -> solution (rank 94064)  [ranks=(2, 2, 4) edges=--E nonsimplex mags=(1, 1, 1) 01:eq 02:ne 12:eq]
  type  240 size    2304 removed    256 orbit-cols -> solution (rank 94064)  [ranks=(2, 2, 4) edges=--E nonsimplex mags=(1, 1, 2) 01:eq]
  type  241 size    2304 removed    256 orbit-cols -> solution (rank 94064)  [ranks=(2, 2, 4) edges=--E nonsimplex mags=(1, 1, 2) 02:eq]
  type  242 size    1152 removed    128 orbit-cols -> solution (rank 94064)  [ranks=(2, 2, 4) edges=--E nonsimplex mags=(1, 2, 2) 12:eq]
  type  243 size    2304 removed    256 orbit-cols -> solution (rank 94064)  [ranks=(2, 2, 4) edges=--E nonsimplex mags=(1, 2, 3) ]
  type  244 size     288 removed     32 orbit-cols -> solution (rank 94064)  [ranks=(2, 2, 3) edges=--- nonsimplex mags=(1, 1, 1) 01:eq 02:eq 12:eq]
  type  245 size     288 removed     32 orbit-cols -> solution (rank 94064)  [ranks=(2, 2, 3) edges=--- nonsimplex mags=(1, 1, 1) 01:eq 02:ne 12:ne]
  type  246 size    1152 removed    128 orbit-cols -> solution (rank 94064)  [ranks=(2, 2, 3) edges=--- nonsimplex mags=(1, 1, 2) 01:eq]
  type  247 size     576 removed     64 orbit-cols -> solution (rank 94064)  [ranks=(2, 2, 3) edges=--- nonsimplex mags=(1, 1, 1) 01:ne 02:eq 12:ne]
  type  248 size    1152 removed    128 orbit-cols -> solution (rank 94064)  [ranks=(2, 2, 3) edges=--- nonsimplex mags=(1, 1, 2) 01:ne]
  type  249 size    2304 removed    256 orbit-cols -> solution (rank 94064)  [ranks=(2, 2, 3) edges=--- nonsimplex mags=(1, 1, 2) 02:eq]
  type  250 size    2304 removed    256 orbit-cols -> solution (rank 94064)  [ranks=(2, 2, 3) edges=--- nonsimplex mags=(1, 1, 2) 02:ne]
  type  251 size    2304 removed    256 orbit-cols -> solution (rank 94064)  [ranks=(2, 2, 3) edges=--- nonsimplex mags=(1, 2, 3) ]
  type  252 size     288 removed     32 orbit-cols -> solution (rank 94064)  [ranks=(2, 2, 2) edges=--- nonsimplex mags=(1, 1, 1) 01:eq 02:eq 12:eq]
  type  253 size     576 removed     64 orbit-cols -> solution (rank 94064)  [ranks=(2, 2, 2) edges=--- nonsimplex mags=(1, 1, 2) 01:eq]
  type  254 size    1152 removed    128 orbit-cols -> solution (rank 94062)  [ranks=(2, 2, 2) edges=--- nonsimplex mags=(1, 1, 2) 02:eq]
  type  255 size     576 removed     64 orbit-cols -> solution (rank 94063)  [ranks=(2, 2, 2) edges=--- nonsimplex mags=(1, 2, 3) ]
  type  256 size     576 removed     64 orbit-cols -> solution (rank 94064)  [ranks=(2, 3, 2) edges=--E nonsimplex mags=(1, 1, 1) 01:eq 02:eq 12:eq]
  type  257 size    2304 removed    256 orbit-cols -> solution (rank 94064)  [ranks=(2, 3, 2) edges=--E nonsimplex mags=(1, 1, 2) 01:eq]
  type  258 size     576 removed     64 orbit-cols -> solution (rank 94064)  [ranks=(2, 3, 2) edges=--E nonsimplex mags=(1, 1, 1) 01:ne 02:ne 12:eq]
  type  259 size    2304 removed    256 orbit-cols -> solution (rank 94064)  [ranks=(2, 3, 2) edges=--E nonsimplex mags=(1, 1, 2) 01:ne]
  type  260 size    2304 removed    256 orbit-cols -> solution (rank 94064)  [ranks=(2, 3, 2) edges=--E nonsimplex mags=(1, 1, 2) 02:eq]
  type  261 size    2304 removed    256 orbit-cols -> solution (rank 94064)  [ranks=(2, 3, 2) edges=--E nonsimplex mags=(1, 1, 2) 02:ne]
  type  262 size    2304 removed    256 orbit-cols -> solution (rank 94064)  [ranks=(2, 3, 2) edges=--E nonsimplex mags=(1, 2, 2) 12:eq]
  type  263 size    4608 removed    512 orbit-cols -> solution (rank 94062)  [ranks=(2, 3, 2) edges=--E nonsimplex mags=(1, 2, 3) ]
  type  264 size     576 removed     64 orbit-cols -> solution (rank 94064)  [ranks=(2, 3, 3) edges=-E- nonsimplex mags=(1, 1, 1) 01:eq 02:eq 12:ne]
  type  265 size    2304 removed    256 orbit-cols -> solution (rank 94064)  [ranks=(2, 3, 3) edges=-E- nonsimplex mags=(1, 1, 2) 01:eq]
  type  266 size     576 removed     64 orbit-cols -> solution (rank 94064)  [ranks=(2, 3, 3) edges=-E- nonsimplex mags=(1, 1, 1) 01:ne 02:eq 12:eq]
  type  267 size    2304 removed    256 orbit-cols -> solution (rank 94064)  [ranks=(2, 3, 3) edges=-E- nonsimplex mags=(1, 1, 2) 01:ne]
  type  268 size    2304 removed    256 orbit-cols -> solution (rank 94064)  [ranks=(2, 3, 3) edges=-E- nonsimplex mags=(1, 1, 2) 02:eq]
  type  269 size    2304 removed    256 orbit-cols -> solution (rank 94064)  [ranks=(2, 3, 3) edges=-E- nonsimplex mags=(1, 2, 2) 12:eq]
  type  270 size    2304 removed    256 orbit-cols -> solution (rank 94064)  [ranks=(2, 3, 3) edges=-E- nonsimplex mags=(1, 2, 2) 12:ne]
  type  271 size    4608 removed    512 orbit-cols -> solution (rank 94058)  [ranks=(2, 3, 3) edges=-E- nonsimplex mags=(1, 2, 3) ]
  type  272 size     576 removed     64 orbit-cols -> solution (rank 94064)  [ranks=(2, 3, 2) edges=--- nonsimplex mags=(1, 1, 1) 01:eq 02:eq 12:eq]
  type  273 size     288 removed     32 orbit-cols -> solution (rank 94064)  [ranks=(2, 3, 2) edges=--- nonsimplex mags=(1, 1, 1) 01:eq 02:ne 12:ne]
  type  274 size    2304 removed    256 orbit-cols -> solution (rank 94064)  [ranks=(2, 3, 2) edges=--- nonsimplex mags=(1, 1, 2) 01:eq]
  type  275 size     288 removed     32 orbit-cols -> solution (rank 94064)  [ranks=(2, 3, 2) edges=--- nonsimplex mags=(1, 1, 1) 01:ne 02:ne 12:eq]
  type  276 size    2304 removed    256 orbit-cols -> solution (rank 94064)  [ranks=(2, 3, 2) edges=--- nonsimplex mags=(1, 1, 2) 01:ne]
  type  277 size    1152 removed    128 orbit-cols -> solution (rank 94064)  [ranks=(2, 3, 2) edges=--- nonsimplex mags=(1, 1, 2) 02:eq]
  type  278 size    1152 removed    128 orbit-cols -> solution (rank 94064)  [ranks=(2, 3, 2) edges=--- nonsimplex mags=(1, 1, 2) 02:ne]
  type  279 size    2304 removed    256 orbit-cols -> solution (rank 94064)  [ranks=(2, 3, 2) edges=--- nonsimplex mags=(1, 2, 3) ]
  type  280 size     288 removed     32 orbit-cols -> solution (rank 94064)  [ranks=(2, 3, 3) edges=--- nonsimplex mags=(1, 1, 1) 01:eq 02:eq 12:eq]
  type  281 size     288 removed     32 orbit-cols -> solution (rank 94064)  [ranks=(2, 3, 3) edges=--- nonsimplex mags=(1, 1, 1) 01:eq 02:ne 12:ne]
  type  282 size    2304 removed    256 orbit-cols -> solution (rank 94064)  [ranks=(2, 3, 3) edges=--- nonsimplex mags=(1, 1, 2) 01:eq]
  type  283 size     576 removed     64 orbit-cols -> solution (rank 94064)  [ranks=(2, 3, 3) edges=--- nonsimplex mags=(1, 2, 2) 12:eq]
  type  284 size     576 removed     64 orbit-cols -> solution (rank 94064)  [ranks=(2, 3, 3) edges=--- nonsimplex mags=(1, 2, 2) 12:ne]
  type  285 size    1152 removed    128 orbit-cols -> solution (rank 94064)  [ranks=(2, 3, 3) edges=--- nonsimplex mags=(1, 2, 3) ]
  type  286 size    1152 removed    128 orbit-cols -> solution (rank 94064)  [ranks=(2, 3, 4) edges=--- nonsimplex mags=(1, 1, 1) 01:eq 02:eq 12:eq]
  type  287 size    1152 removed    128 orbit-cols -> solution (rank 94064)  [ranks=(2, 3, 4) edges=--- nonsimplex mags=(1, 1, 1) 01:eq 02:ne 12:ne]
  type  288 size    4608 removed    512 orbit-cols -> solution (rank 94064)  [ranks=(2, 3, 4) edges=--- nonsimplex mags=(1, 1, 2) 01:eq]
  type  289 size    4608 removed    512 orbit-cols -> solution (rank 94064)  [ranks=(2, 3, 4) edges=--- nonsimplex mags=(1, 1, 2) 02:eq]
  type  290 size    2304 removed    256 orbit-cols -> solution (rank 94064)  [ranks=(2, 3, 4) edges=--- nonsimplex mags=(1, 2, 2) 12:eq]
  type  291 size    2304 removed    256 orbit-cols -> solution (rank 94064)  [ranks=(2, 3, 4) edges=--- nonsimplex mags=(1, 2, 2) 12:ne]
  type  292 size    4608 removed    512 orbit-cols -> solution (rank 94064)  [ranks=(2, 3, 4) edges=--- nonsimplex mags=(1, 2, 3) ]
  type  293 size    1152 removed    128 orbit-cols -> solution (rank 94064)  [ranks=(2, 3, 3) edges=--- nonsimplex mags=(1, 1, 1) 01:eq 02:eq 12:eq]
  type  294 size    1152 removed    128 orbit-cols -> solution (rank 94064)  [ranks=(2, 3, 3) edges=--- nonsimplex mags=(1, 1, 1) 01:eq 02:ne 12:ne]
  type  295 size    4608 removed    512 orbit-cols -> solution (rank 94064)  [ranks=(2, 3, 3) edges=--- nonsimplex mags=(1, 1, 2) 01:eq]
  type  296 size    1152 removed    128 orbit-cols -> solution (rank 94064)  [ranks=(2, 3, 3) edges=--- nonsimplex mags=(1, 1, 1) 01:ne 02:eq 12:ne]
  type  297 size    1152 removed    128 orbit-cols -> solution (rank 94064)  [ranks=(2, 3, 3) edges=--- nonsimplex mags=(1, 1, 1) 01:ne 02:ne 12:eq]
  type  298 size    4608 removed    512 orbit-cols -> solution (rank 94064)  [ranks=(2, 3, 3) edges=--- nonsimplex mags=(1, 1, 2) 01:ne]
  type  299 size    4608 removed    512 orbit-cols -> solution (rank 94064)  [ranks=(2, 3, 3) edges=--- nonsimplex mags=(1, 1, 2) 02:eq]
  type  300 size    4608 removed    512 orbit-cols -> solution (rank 94064)  [ranks=(2, 3, 3) edges=--- nonsimplex mags=(1, 1, 2) 02:ne]
  type  301 size    4608 removed    512 orbit-cols -> solution (rank 94064)  [ranks=(2, 3, 3) edges=--- nonsimplex mags=(1, 2, 2) 12:eq]
  type  302 size    4608 removed    512 orbit-cols -> solution (rank 94064)  [ranks=(2, 3, 3) edges=--- nonsimplex mags=(1, 2, 2) 12:ne]
  type  303 size    9216 removed   1024 orbit-cols -> solution (rank 94052)  [ranks=(2, 3, 3) edges=--- nonsimplex mags=(1, 2, 3) ]
  type  304 size    1152 removed    128 orbit-cols -> solution (rank 94064)  [ranks=(2, 3, 4) edges=-E- nonsimplex mags=(1, 1, 1) 01:eq 02:eq 12:ne]
  type  305 size    4608 removed    512 orbit-cols -> solution (rank 94064)  [ranks=(2, 3, 4) edges=-E- nonsimplex mags=(1, 1, 2) 01:eq]
  type  306 size    1152 removed    128 orbit-cols -> solution (rank 94064)  [ranks=(2, 3, 4) edges=-E- nonsimplex mags=(1, 1, 1) 01:ne 02:eq 12:eq]
  type  307 size    4608 removed    512 orbit-cols -> solution (rank 94064)  [ranks=(2, 3, 4) edges=-E- nonsimplex mags=(1, 1, 2) 01:ne]
  type  308 size    4608 removed    512 orbit-cols -> solution (rank 94064)  [ranks=(2, 3, 4) edges=-E- nonsimplex mags=(1, 1, 2) 02:eq]
  type  309 size    4608 removed    512 orbit-cols -> solution (rank 94064)  [ranks=(2, 3, 4) edges=-E- nonsimplex mags=(1, 2, 2) 12:eq]
  type  310 size    4608 removed    512 orbit-cols -> solution (rank 94064)  [ranks=(2, 3, 4) edges=-E- nonsimplex mags=(1, 2, 2) 12:ne]
  type  311 size    9216 removed   1024 orbit-cols -> solution (rank 94051)  [ranks=(2, 3, 4) edges=-E- nonsimplex mags=(1, 2, 3) ]
  type  312 size    1152 removed    128 orbit-cols -> solution (rank 94064)  [ranks=(2, 3, 2) edges=--- nonsimplex mags=(1, 1, 1) 01:eq 02:eq 12:eq]
  type  313 size    1152 removed    128 orbit-cols -> solution (rank 94064)  [ranks=(2, 3, 2) edges=--- nonsimplex mags=(1, 1, 1) 01:eq 02:ne 12:ne]
  type  314 size    4608 removed    512 orbit-cols -> solution (rank 94064)  [ranks=(2, 3, 2) edges=--- nonsimplex mags=(1, 1, 2) 01:eq]
  type  315 size    4608 removed    512 orbit-cols -> solution (rank 94064)  [ranks=(2, 3, 2) edges=--- nonsimplex mags=(1, 1, 2) 02:eq]
  type  316 size    2304 removed    256 orbit-cols -> solution (rank 94064)  [ranks=(2, 3, 2) edges=--- nonsimplex mags=(1, 2, 2) 12:eq]
  type  317 size    2304 removed    256 orbit-cols -> solution (rank 94064)  [ranks=(2, 3, 2) edges=--- nonsimplex mags=(1, 2, 2) 12:ne]
  type  318 size    4608 removed    512 orbit-cols -> solution (rank 94064)  [ranks=(2, 3, 2) edges=--- nonsimplex mags=(1, 2, 3) ]
  type  319 size    1152 removed    128 orbit-cols -> solution (rank 94064)  [ranks=(2, 3, 3) edges=--- nonsimplex mags=(1, 1, 1) 01:eq 02:eq 12:eq]
  type  320 size    1152 removed    128 orbit-cols -> solution (rank 94064)  [ranks=(2, 3, 3) edges=--- nonsimplex mags=(1, 1, 1) 01:eq 02:ne 12:ne]
  type  321 size    4608 removed    512 orbit-cols -> solution (rank 94064)  [ranks=(2, 3, 3) edges=--- nonsimplex mags=(1, 1, 2) 01:eq]
  type  322 size    1152 removed    128 orbit-cols -> solution (rank 94064)  [ranks=(2, 3, 3) edges=--- nonsimplex mags=(1, 1, 1) 01:ne 02:eq 12:ne]
  type  323 size    1152 removed    128 orbit-cols -> solution (rank 94064)  [ranks=(2, 3, 3) edges=--- nonsimplex mags=(1, 1, 1) 01:ne 02:ne 12:eq]
  type  324 size    4608 removed    512 orbit-cols -> solution (rank 94064)  [ranks=(2, 3, 3) edges=--- nonsimplex mags=(1, 1, 2) 01:ne]
  type  325 size    4608 removed    512 orbit-cols -> solution (rank 94064)  [ranks=(2, 3, 3) edges=--- nonsimplex mags=(1, 1, 2) 02:eq]
  type  326 size    4608 removed    512 orbit-cols -> solution (rank 94064)  [ranks=(2, 3, 3) edges=--- nonsimplex mags=(1, 1, 2) 02:ne]
  type  327 size    4608 removed    512 orbit-cols -> solution (rank 94064)  [ranks=(2, 3, 3) edges=--- nonsimplex mags=(1, 2, 2) 12:eq]
  type  328 size    4608 removed    512 orbit-cols -> solution (rank 94064)  [ranks=(2, 3, 3) edges=--- nonsimplex mags=(1, 2, 2) 12:ne]
  type  329 size    9216 removed   1024 orbit-cols -> solution (rank 94050)  [ranks=(2, 3, 3) edges=--- nonsimplex mags=(1, 2, 3) ]
  type  330 size    1152 removed    128 orbit-cols -> solution (rank 94064)  [ranks=(2, 3, 4) edges=--E nonsimplex mags=(1, 1, 1) 01:eq 02:ne 12:eq]
  type  331 size    4608 removed    512 orbit-cols -> solution (rank 94064)  [ranks=(2, 3, 4) edges=--E nonsimplex mags=(1, 1, 2) 01:eq]
  type  332 size    4608 removed    512 orbit-cols -> solution (rank 94064)  [ranks=(2, 3, 4) edges=--E nonsimplex mags=(1, 1, 2) 02:eq]
  type  333 size    2304 removed    256 orbit-cols -> solution (rank 94064)  [ranks=(2, 3, 4) edges=--E nonsimplex mags=(1, 2, 2) 12:eq]
  type  334 size    4608 removed    512 orbit-cols -> solution (rank 94062)  [ranks=(2, 3, 4) edges=--E nonsimplex mags=(1, 2, 3) ]
  type  335 size     576 removed     64 orbit-cols -> solution (rank 94064)  [ranks=(2, 3, 3) edges=--- nonsimplex mags=(1, 1, 1) 01:eq 02:eq 12:eq]
  type  336 size     576 removed     64 orbit-cols -> solution (rank 94064)  [ranks=(2, 3, 3) edges=--- nonsimplex mags=(1, 1, 1) 01:eq 02:ne 12:ne]
  type  337 size    4608 removed    512 orbit-cols -> solution (rank 94056)  [ranks=(2, 3, 3) edges=--- nonsimplex mags=(1, 1, 2) 01:eq]
  type  338 size    1152 removed    128 orbit-cols -> solution (rank 94064)  [ranks=(2, 3, 3) edges=--- nonsimplex mags=(1, 2, 2) 12:eq]
  type  339 size    1152 removed    128 orbit-cols -> solution (rank 94064)  [ranks=(2, 3, 3) edges=--- nonsimplex mags=(1, 2, 2) 12:ne]
  type  340 size    2304 removed    256 orbit-cols -> solution (rank 94064)  [ranks=(2, 3, 3) edges=--- nonsimplex mags=(1, 2, 3) ]
  type  341 size    1152 removed    128 orbit-cols -> solution (rank 94064)  [ranks=(2, 3, 2) edges=--- nonsimplex mags=(1, 1, 1) 01:eq 02:eq 12:eq]
  type  342 size    1152 removed    128 orbit-cols -> solution (rank 94064)  [ranks=(2, 3, 2) edges=--- nonsimplex mags=(1, 1, 1) 01:eq 02:ne 12:ne]
  type  343 size    4608 removed    512 orbit-cols -> solution (rank 94064)  [ranks=(2, 3, 2) edges=--- nonsimplex mags=(1, 1, 2) 01:eq]
  type  344 size    1152 removed    128 orbit-cols -> solution (rank 94064)  [ranks=(2, 3, 2) edges=--- nonsimplex mags=(1, 1, 1) 01:ne 02:eq 12:ne]
  type  345 size    1152 removed    128 orbit-cols -> solution (rank 94064)  [ranks=(2, 3, 2) edges=--- nonsimplex mags=(1, 1, 1) 01:ne 02:ne 12:eq]
  type  346 size    4608 removed    512 orbit-cols -> solution (rank 94064)  [ranks=(2, 3, 2) edges=--- nonsimplex mags=(1, 1, 2) 01:ne]
  type  347 size    4608 removed    512 orbit-cols -> solution (rank 94064)  [ranks=(2, 3, 2) edges=--- nonsimplex mags=(1, 1, 2) 02:eq]
  type  348 size    4608 removed    512 orbit-cols -> solution (rank 94064)  [ranks=(2, 3, 2) edges=--- nonsimplex mags=(1, 1, 2) 02:ne]
  type  349 size    4608 removed    512 orbit-cols -> solution (rank 94064)  [ranks=(2, 3, 2) edges=--- nonsimplex mags=(1, 2, 2) 12:eq]
  type  350 size    4608 removed    512 orbit-cols -> solution (rank 94064)  [ranks=(2, 3, 2) edges=--- nonsimplex mags=(1, 2, 2) 12:ne]
  type  351 size    9216 removed   1024 orbit-cols -> solution (rank 94052)  [ranks=(2, 3, 2) edges=--- nonsimplex mags=(1, 2, 3) ]
  type  352 size    1152 removed    128 orbit-cols -> solution (rank 94064)  [ranks=(2, 3, 3) edges=-E- nonsimplex mags=(1, 1, 1) 01:eq 02:eq 12:ne]
  type  353 size    4608 removed    512 orbit-cols -> solution (rank 94064)  [ranks=(2, 3, 3) edges=-E- nonsimplex mags=(1, 1, 2) 01:eq]
  type  354 size    2304 removed    256 orbit-cols -> solution (rank 94064)  [ranks=(2, 3, 3) edges=-E- nonsimplex mags=(1, 1, 2) 02:eq]
  type  355 size    4608 removed    512 orbit-cols -> solution (rank 94064)  [ranks=(2, 3, 3) edges=-E- nonsimplex mags=(1, 2, 2) 12:eq]
  type  356 size    4608 removed    512 orbit-cols -> solution (rank 94060)  [ranks=(2, 3, 3) edges=-E- nonsimplex mags=(1, 2, 3) ]
  type  357 size    1152 removed    128 orbit-cols -> solution (rank 94064)  [ranks=(2, 2, 3) edges=-EE nonsimplex mags=(1, 1, 2) 01:eq]
  type  358 size     288 removed     32 orbit-cols -> solution (rank 94064)  [ranks=(2, 2, 3) edges=-EE nonsimplex mags=(1, 1, 1) 01:ne 02:eq 12:eq]
  type  359 size    1152 removed    128 orbit-cols -> solution (rank 94064)  [ranks=(2, 2, 3) edges=-EE nonsimplex mags=(1, 1, 2) 01:ne]
  type  360 size    2304 removed    256 orbit-cols -> solution (rank 94052)  [ranks=(2, 2, 3) edges=-EE nonsimplex mags=(1, 1, 2) 02:eq]
  type  361 size    2304 removed    256 orbit-cols -> solution (rank 94064)  [ranks=(2, 2, 3) edges=-EE nonsimplex mags=(1, 2, 3) ]
  type  362 size     288 removed     32 orbit-cols -> solution (rank 94064)  [ranks=(2, 2, 2) edges=--- nonsimplex mags=(1, 1, 1) 01:eq 02:eq 12:eq]
  type  363 size      96 removed     12 orbit-cols -> solution (rank 94064)  [ranks=(2, 2, 2) edges=--- nonsimplex mags=(1, 1, 1) 01:eq 02:ne 12:ne]
  type  364 size    1152 removed    128 orbit-cols -> solution (rank 94064)  [ranks=(2, 2, 2) edges=--- nonsimplex mags=(1, 1, 2) 01:eq]
  type  365 size    1152 removed    128 orbit-cols -> solution (rank 94064)  [ranks=(2, 2, 2) edges=--- nonsimplex mags=(1, 1, 2) 01:ne]
  type  366 size     768 removed     88 orbit-cols -> solution (rank 94064)  [ranks=(2, 2, 2) edges=--- nonsimplex mags=(1, 2, 3) ]
  type  367 size     288 removed     32 orbit-cols -> solution (rank 94064)  [ranks=(2, 2, 2) edges=--- nonsimplex mags=(1, 1, 1) 01:eq 02:eq 12:eq]
  type  368 size    1152 removed    128 orbit-cols -> solution (rank 94064)  [ranks=(2, 2, 2) edges=--- nonsimplex mags=(1, 1, 2) 01:eq]
  type  369 size      96 removed     12 orbit-cols -> solution (rank 94064)  [ranks=(2, 2, 2) edges=--- nonsimplex mags=(1, 1, 1) 01:ne 02:ne 12:eq]
  type  370 size    1152 removed    128 orbit-cols -> solution (rank 94064)  [ranks=(2, 2, 2) edges=--- nonsimplex mags=(1, 1, 2) 01:ne]
  type  371 size     768 removed     88 orbit-cols -> solution (rank 94064)  [ranks=(2, 2, 2) edges=--- nonsimplex mags=(1, 2, 3) ]
  type  372 size    1152 removed    128 orbit-cols -> solution (rank 94064)  [ranks=(2, 2, 4) edges=--- nonsimplex mags=(1, 1, 1) 01:eq 02:eq 12:eq]
  type  373 size    2304 removed    256 orbit-cols -> solution (rank 94064)  [ranks=(2, 2, 4) edges=--- nonsimplex mags=(1, 1, 2) 01:eq]
  type  374 size     576 removed     64 orbit-cols -> solution (rank 94064)  [ranks=(2, 2, 4) edges=--- nonsimplex mags=(1, 1, 1) 01:ne 02:eq 12:ne]
  type  375 size     576 removed     64 orbit-cols -> solution (rank 94064)  [ranks=(2, 2, 4) edges=--- nonsimplex mags=(1, 1, 1) 01:ne 02:ne 12:eq]
  type  376 size    2304 removed    256 orbit-cols -> solution (rank 94064)  [ranks=(2, 2, 4) edges=--- nonsimplex mags=(1, 1, 2) 01:ne]
  type  377 size    4608 removed    512 orbit-cols -> solution (rank 94064)  [ranks=(2, 2, 4) edges=--- nonsimplex mags=(1, 1, 2) 02:eq]
  type  378 size    4608 removed    512 orbit-cols -> solution (rank 94064)  [ranks=(2, 2, 4) edges=--- nonsimplex mags=(1, 1, 2) 02:ne]
  type  379 size    4608 removed    512 orbit-cols -> solution (rank 94056)  [ranks=(2, 2, 4) edges=--- nonsimplex mags=(1, 2, 3) ]
  type  380 size    1152 removed    128 orbit-cols -> solution (rank 94064)  [ranks=(2, 2, 4) edges=-E- nonsimplex mags=(1, 1, 1) 01:eq 02:eq 12:ne]
  type  381 size    4608 removed    512 orbit-cols -> solution (rank 94064)  [ranks=(2, 2, 4) edges=-E- nonsimplex mags=(1, 1, 2) 01:eq]
  type  382 size    1152 removed    128 orbit-cols -> solution (rank 94064)  [ranks=(2, 2, 4) edges=-E- nonsimplex mags=(1, 1, 1) 01:ne 02:eq 12:eq]
  type  383 size    4608 removed    512 orbit-cols -> solution (rank 94064)  [ranks=(2, 2, 4) edges=-E- nonsimplex mags=(1, 1, 2) 01:ne]
  type  384 size    4608 removed    512 orbit-cols -> solution (rank 94064)  [ranks=(2, 2, 4) edges=-E- nonsimplex mags=(1, 1, 2) 02:eq]
  type  385 size    4608 removed    512 orbit-cols -> solution (rank 94064)  [ranks=(2, 2, 4) edges=-E- nonsimplex mags=(1, 2, 2) 12:eq]
  type  386 size    4608 removed    512 orbit-cols -> solution (rank 94064)  [ranks=(2, 2, 4) edges=-E- nonsimplex mags=(1, 2, 2) 12:ne]
  type  387 size    9216 removed   1024 orbit-cols -> solution (rank 94040)  [ranks=(2, 2, 4) edges=-E- nonsimplex mags=(1, 2, 3) ]
  type  388 size    1152 removed    128 orbit-cols -> solution (rank 94064)  [ranks=(2, 2, 3) edges=--- nonsimplex mags=(1, 1, 1) 01:eq 02:eq 12:eq]
  type  389 size    2304 removed    256 orbit-cols -> solution (rank 94064)  [ranks=(2, 2, 3) edges=--- nonsimplex mags=(1, 1, 2) 01:eq]
  type  390 size     576 removed     64 orbit-cols -> solution (rank 94064)  [ranks=(2, 2, 3) edges=--- nonsimplex mags=(1, 1, 1) 01:ne 02:eq 12:ne]
  type  391 size     576 removed     64 orbit-cols -> solution (rank 94064)  [ranks=(2, 2, 3) edges=--- nonsimplex mags=(1, 1, 1) 01:ne 02:ne 12:eq]
  type  392 size    2304 removed    256 orbit-cols -> solution (rank 94064)  [ranks=(2, 2, 3) edges=--- nonsimplex mags=(1, 1, 2) 01:ne]
  type  393 size    4608 removed    512 orbit-cols -> solution (rank 94064)  [ranks=(2, 2, 3) edges=--- nonsimplex mags=(1, 1, 2) 02:eq]
  type  394 size    4608 removed    512 orbit-cols -> solution (rank 94064)  [ranks=(2, 2, 3) edges=--- nonsimplex mags=(1, 1, 2) 02:ne]
  type  395 size    4608 removed    512 orbit-cols -> solution (rank 94062)  [ranks=(2, 2, 3) edges=--- nonsimplex mags=(1, 2, 3) ]
  type  396 size     576 removed     64 orbit-cols -> solution (rank 94064)  [ranks=(2, 2, 2) edges=--- nonsimplex mags=(1, 1, 1) 01:eq 02:eq 12:eq]
  type  397 size    1152 removed    128 orbit-cols -> solution (rank 94064)  [ranks=(2, 2, 2) edges=--- nonsimplex mags=(1, 1, 1) 01:eq 02:ne 12:ne]
  type  398 size    4608 removed    512 orbit-cols -> solution (rank 94064)  [ranks=(2, 2, 2) edges=--- nonsimplex mags=(1, 1, 2) 01:eq]
  type  399 size     576 removed     64 orbit-cols -> solution (rank 94064)  [ranks=(2, 2, 2) edges=--- nonsimplex mags=(1, 1, 1) 01:ne 02:eq 12:ne]
  type  400 size    4608 removed    512 orbit-cols -> solution (rank 94064)  [ranks=(2, 2, 2) edges=--- nonsimplex mags=(1, 1, 2) 01:ne]
  type  401 size    2304 removed    256 orbit-cols -> solution (rank 94064)  [ranks=(2, 2, 2) edges=--- nonsimplex mags=(1, 1, 2) 02:eq]
  type  402 size    2304 removed    256 orbit-cols -> solution (rank 94064)  [ranks=(2, 2, 2) edges=--- nonsimplex mags=(1, 1, 2) 02:ne]
  type  403 size    4608 removed    512 orbit-cols -> solution (rank 94048)  [ranks=(2, 2, 2) edges=--- nonsimplex mags=(1, 2, 3) ]
  type  404 size     576 removed     64 orbit-cols -> solution (rank 94064)  [ranks=(2, 2, 3) edges=--- nonsimplex mags=(1, 1, 1) 01:eq 02:eq 12:eq]
  type  405 size     576 removed     64 orbit-cols -> solution (rank 94064)  [ranks=(2, 2, 3) edges=--- nonsimplex mags=(1, 1, 1) 01:eq 02:ne 12:ne]
  type  406 size    2304 removed    256 orbit-cols -> solution (rank 94064)  [ranks=(2, 2, 3) edges=--- nonsimplex mags=(1, 1, 2) 01:eq]
  type  407 size    1152 removed    128 orbit-cols -> solution (rank 94064)  [ranks=(2, 2, 3) edges=--- nonsimplex mags=(1, 1, 1) 01:ne 02:eq 12:ne]
  type  408 size    2304 removed    256 orbit-cols -> solution (rank 94064)  [ranks=(2, 2, 3) edges=--- nonsimplex mags=(1, 1, 2) 01:ne]
  type  409 size    4608 removed    512 orbit-cols -> solution (rank 94064)  [ranks=(2, 2, 3) edges=--- nonsimplex mags=(1, 1, 2) 02:eq]
  type  410 size    4608 removed    512 orbit-cols -> solution (rank 94064)  [ranks=(2, 2, 3) edges=--- nonsimplex mags=(1, 1, 2) 02:ne]
  type  411 size    4608 removed    512 orbit-cols -> solution (rank 94062)  [ranks=(2, 2, 3) edges=--- nonsimplex mags=(1, 2, 3) ]
  type  412 size    2304 removed    256 orbit-cols -> solution (rank 94032)  [ranks=(2, 2, 4) edges=-EE nonsimplex mags=(1, 1, 2) 01:eq]
  type  413 size     576 removed     64 orbit-cols -> solution (rank 94064)  [ranks=(2, 2, 4) edges=-EE nonsimplex mags=(1, 1, 1) 01:ne 02:eq 12:eq]
  type  414 size    2304 removed    256 orbit-cols -> solution (rank 94064)  [ranks=(2, 2, 4) edges=-EE nonsimplex mags=(1, 1, 2) 01:ne]
  type  415 size    4608 removed    512 orbit-cols -> solution (rank 94016)  [ranks=(2, 2, 4) edges=-EE nonsimplex mags=(1, 1, 2) 02:eq]
  type  416 size    4608 removed    512 orbit-cols -> solution (rank 94056)  [ranks=(2, 2, 4) edges=-EE nonsimplex mags=(1, 2, 3) ]
  type  417 size    1152 removed    128 orbit-cols -> solution (rank 94064)  [ranks=(2, 2, 3) edges=--E nonsimplex mags=(1, 1, 1) 01:eq 02:ne 12:eq]
  type  418 size    4608 removed    512 orbit-cols -> solution (rank 94064)  [ranks=(2, 2, 3) edges=--E nonsimplex mags=(1, 1, 2) 01:eq]
  type  419 size    1152 removed    128 orbit-cols -> solution (rank 94064)  [ranks=(2, 2, 3) edges=--E nonsimplex mags=(1, 1, 1) 01:ne 02:eq 12:eq]
  type  420 size    4608 removed    512 orbit-cols -> solution (rank 94064)  [ranks=(2, 2, 3) edges=--E nonsimplex mags=(1, 1, 2) 01:ne]
  type  421 size    4608 removed    512 orbit-cols -> solution (rank 94064)  [ranks=(2, 2, 3) edges=--E nonsimplex mags=(1, 1, 2) 02:eq]
  type  422 size    4608 removed    512 orbit-cols -> solution (rank 94064)  [ranks=(2, 2, 3) edges=--E nonsimplex mags=(1, 1, 2) 02:ne]
  type  423 size    4608 removed    512 orbit-cols -> solution (rank 94064)  [ranks=(2, 2, 3) edges=--E nonsimplex mags=(1, 2, 2) 12:eq]
  type  424 size    9216 removed   1024 orbit-cols -> solution (rank 94052)  [ranks=(2, 2, 3) edges=--E nonsimplex mags=(1, 2, 3) ]
  type  425 size     576 removed     64 orbit-cols -> solution (rank 94064)  [ranks=(2, 2, 2) edges=--- nonsimplex mags=(1, 1, 1) 01:eq 02:eq 12:eq]
  type  426 size    2304 removed    256 orbit-cols -> solution (rank 94062)  [ranks=(2, 2, 2) edges=--- nonsimplex mags=(1, 1, 2) 01:eq]
  type  427 size     192 removed     24 orbit-cols -> solution (rank 94064)  [ranks=(2, 2, 2) edges=--- nonsimplex mags=(1, 1, 1) 01:ne 02:ne 12:eq]
  type  428 size    2304 removed    256 orbit-cols -> solution (rank 94064)  [ranks=(2, 2, 2) edges=--- nonsimplex mags=(1, 1, 2) 01:ne]
  type  429 size    1536 removed    176 orbit-cols -> solution (rank 94062)  [ranks=(2, 2, 2) edges=--- nonsimplex mags=(1, 2, 3) ]
  type  430 size     144 removed     16 orbit-cols -> solution (rank 94064)  [ranks=(2, 3, 3) edges=EE- nonsimplex mags=(1, 1, 1) 01:eq 02:eq 12:ne]
  type  431 size    1152 removed    128 orbit-cols -> solution (rank 94064)  [ranks=(2, 3, 3) edges=EE- nonsimplex mags=(1, 1, 2) 01:eq]
  type  432 size     576 removed     64 orbit-cols -> solution (rank 94064)  [ranks=(2, 3, 3) edges=EE- nonsimplex mags=(1, 2, 2) 12:eq]
  type  433 size     576 removed     64 orbit-cols -> solution (rank 94064)  [ranks=(2, 3, 3) edges=EE- nonsimplex mags=(1, 2, 2) 12:ne]
  type  434 size    1152 removed    128 orbit-cols -> solution (rank 94064)  [ranks=(2, 3, 3) edges=EE- nonsimplex mags=(1, 2, 3) ]
  type  435 size    1152 removed    128 orbit-cols -> solution (rank 94064)  [ranks=(2, 3, 4) edges=E-- nonsimplex mags=(1, 1, 1) 01:eq 02:eq 12:ne]
  type  436 size    1152 removed    128 orbit-cols -> solution (rank 94064)  [ranks=(2, 3, 4) edges=E-- nonsimplex mags=(1, 1, 1) 01:eq 02:ne 12:eq]
  type  437 size    4608 removed    512 orbit-cols -> solution (rank 94064)  [ranks=(2, 3, 4) edges=E-- nonsimplex mags=(1, 1, 2) 01:eq]
  type  438 size    4608 removed    512 orbit-cols -> solution (rank 94064)  [ranks=(2, 3, 4) edges=E-- nonsimplex mags=(1, 1, 2) 02:eq]
  type  439 size    4608 removed    512 orbit-cols -> solution (rank 94064)  [ranks=(2, 3, 4) edges=E-- nonsimplex mags=(1, 1, 2) 02:ne]
  type  440 size    4608 removed    512 orbit-cols -> solution (rank 94064)  [ranks=(2, 3, 4) edges=E-- nonsimplex mags=(1, 2, 2) 12:eq]
  type  441 size    4608 removed    512 orbit-cols -> solution (rank 94064)  [ranks=(2, 3, 4) edges=E-- nonsimplex mags=(1, 2, 2) 12:ne]
  type  442 size    9216 removed   1024 orbit-cols -> solution (rank 94051)  [ranks=(2, 3, 4) edges=E-- nonsimplex mags=(1, 2, 3) ]
  type  443 size    1152 removed    128 orbit-cols -> solution (rank 94064)  [ranks=(2, 3, 3) edges=E-- nonsimplex mags=(1, 1, 1) 01:eq 02:eq 12:ne]
  type  444 size    1152 removed    128 orbit-cols -> solution (rank 94064)  [ranks=(2, 3, 3) edges=E-- nonsimplex mags=(1, 1, 1) 01:eq 02:ne 12:eq]
  type  445 size    4608 removed    512 orbit-cols -> solution (rank 94064)  [ranks=(2, 3, 3) edges=E-- nonsimplex mags=(1, 1, 2) 01:eq]
  type  446 size    4608 removed    512 orbit-cols -> solution (rank 94064)  [ranks=(2, 3, 3) edges=E-- nonsimplex mags=(1, 1, 2) 02:eq]
  type  447 size    4608 removed    512 orbit-cols -> solution (rank 94064)  [ranks=(2, 3, 3) edges=E-- nonsimplex mags=(1, 1, 2) 02:ne]
  type  448 size    4608 removed    512 orbit-cols -> solution (rank 94064)  [ranks=(2, 3, 3) edges=E-- nonsimplex mags=(1, 2, 2) 12:eq]
  type  449 size    4608 removed    512 orbit-cols -> solution (rank 94064)  [ranks=(2, 3, 3) edges=E-- nonsimplex mags=(1, 2, 2) 12:ne]
  type  450 size    9216 removed   1024 orbit-cols -> solution (rank 94052)  [ranks=(2, 3, 3) edges=E-- nonsimplex mags=(1, 2, 3) ]
  type  451 size     576 removed     64 orbit-cols -> solution (rank 94064)  [ranks=(2, 3, 4) edges=EE- nonsimplex mags=(1, 1, 1) 01:eq 02:eq 12:eq]
  type  452 size    2304 removed    256 orbit-cols -> solution (rank 94064)  [ranks=(2, 3, 4) edges=EE- nonsimplex mags=(1, 1, 2) 01:eq]
  type  453 size    2304 removed    256 orbit-cols -> solution (rank 94064)  [ranks=(2, 3, 4) edges=EE- nonsimplex mags=(1, 1, 2) 02:eq]
  type  454 size    2304 removed    256 orbit-cols -> solution (rank 94064)  [ranks=(2, 3, 4) edges=EE- nonsimplex mags=(1, 2, 2) 12:eq]
  type  455 size    2304 removed    256 orbit-cols -> solution (rank 94064)  [ranks=(2, 3, 4) edges=EE- nonsimplex mags=(1, 2, 2) 12:ne]
  type  456 size    4608 removed    512 orbit-cols -> solution (rank 94064)  [ranks=(2, 3, 4) edges=EE- nonsimplex mags=(1, 2, 3) ]
  type  457 size    1152 removed    128 orbit-cols -> solution (rank 94064)  [ranks=(2, 3, 3) edges=E-- nonsimplex mags=(1, 1, 1) 01:eq 02:eq 12:ne]
  type  458 size    1152 removed    128 orbit-cols -> solution (rank 94064)  [ranks=(2, 3, 3) edges=E-- nonsimplex mags=(1, 1, 1) 01:eq 02:ne 12:eq]
  type  459 size    4608 removed    512 orbit-cols -> solution (rank 94064)  [ranks=(2, 3, 3) edges=E-- nonsimplex mags=(1, 1, 2) 01:eq]
  type  460 size    4608 removed    512 orbit-cols -> solution (rank 94064)  [ranks=(2, 3, 3) edges=E-- nonsimplex mags=(1, 1, 2) 02:eq]
  type  461 size    4608 removed    512 orbit-cols -> solution (rank 94064)  [ranks=(2, 3, 3) edges=E-- nonsimplex mags=(1, 1, 2) 02:ne]
  type  462 size    4608 removed    512 orbit-cols -> solution (rank 94064)  [ranks=(2, 3, 3) edges=E-- nonsimplex mags=(1, 2, 2) 12:eq]
  type  463 size    4608 removed    512 orbit-cols -> solution (rank 94064)  [ranks=(2, 3, 3) edges=E-- nonsimplex mags=(1, 2, 2) 12:ne]
  type  464 size    9216 removed   1024 orbit-cols -> solution (rank 94050)  [ranks=(2, 3, 3) edges=E-- nonsimplex mags=(1, 2, 3) ]
  type  465 size     576 removed     64 orbit-cols -> solution (rank 94064)  [ranks=(2, 3, 2) edges=E-- nonsimplex mags=(1, 1, 1) 01:eq 02:eq 12:ne]
  type  466 size     576 removed     64 orbit-cols -> solution (rank 94064)  [ranks=(2, 3, 2) edges=E-- nonsimplex mags=(1, 1, 1) 01:eq 02:ne 12:eq]
  type  467 size    2304 removed    256 orbit-cols -> solution (rank 94064)  [ranks=(2, 3, 2) edges=E-- nonsimplex mags=(1, 1, 2) 01:eq]
  type  468 size    2304 removed    256 orbit-cols -> solution (rank 94064)  [ranks=(2, 3, 2) edges=E-- nonsimplex mags=(1, 1, 2) 02:eq]
  type  469 size    2304 removed    256 orbit-cols -> solution (rank 94064)  [ranks=(2, 3, 2) edges=E-- nonsimplex mags=(1, 1, 2) 02:ne]
  type  470 size    2304 removed    256 orbit-cols -> solution (rank 94064)  [ranks=(2, 3, 2) edges=E-- nonsimplex mags=(1, 2, 2) 12:eq]
  type  471 size    2304 removed    256 orbit-cols -> solution (rank 94064)  [ranks=(2, 3, 2) edges=E-- nonsimplex mags=(1, 2, 2) 12:ne]
  type  472 size    4608 removed    512 orbit-cols -> solution (rank 94064)  [ranks=(2, 3, 2) edges=E-- nonsimplex mags=(1, 2, 3) ]
  type  473 size     576 removed     64 orbit-cols -> solution (rank 94064)  [ranks=(2, 3, 4) edges=EEE simplex mags=(1, 1, 1) 01:eq 02:eq 12:eq]
  type  474 size    2304 removed    256 orbit-cols -> solution (rank 94064)  [ranks=(2, 3, 4) edges=EEE simplex mags=(1, 1, 2) 01:eq]
  type  475 size    2304 removed    256 orbit-cols -> solution (rank 94064)  [ranks=(2, 3, 4) edges=EEE simplex mags=(1, 1, 2) 02:eq]
  type  476 size    2304 removed    256 orbit-cols -> solution (rank 94064)  [ranks=(2, 3, 4) edges=EEE simplex mags=(1, 2, 2) 12:eq]
  type  477 size    4608 removed    512 orbit-cols -> NO solution (rank 94059)  [ranks=(2, 3, 4) edges=EEE simplex mags=(1, 2, 3) ]
  type  478 size     288 removed     32 orbit-cols -> solution (rank 94064)  [ranks=(2, 3, 3) edges=EE- nonsimplex mags=(1, 1, 1) 01:eq 02:eq 12:eq]
  type  479 size    2304 removed    256 orbit-cols -> solution (rank 94056)  [ranks=(2, 3, 3) edges=EE- nonsimplex mags=(1, 1, 2) 01:eq]
  type  480 size    1152 removed    128 orbit-cols -> solution (rank 94064)  [ranks=(2, 3, 3) edges=EE- nonsimplex mags=(1, 2, 2) 12:eq]
  type  481 size    1152 removed    128 orbit-cols -> solution (rank 94064)  [ranks=(2, 3, 3) edges=EE- nonsimplex mags=(1, 2, 2) 12:ne]
  type  482 size    2304 removed    256 orbit-cols -> solution (rank 94064)  [ranks=(2, 3, 3) edges=EE- nonsimplex mags=(1, 2, 3) ]
  type  483 size     576 removed     64 orbit-cols -> solution (rank 94064)  [ranks=(2, 4, 3) edges=--E nonsimplex mags=(1, 1, 1) 01:eq 02:eq 12:eq]
  type  484 size    2304 removed    256 orbit-cols -> solution (rank 94064)  [ranks=(2, 4, 3) edges=--E nonsimplex mags=(1, 1, 2) 01:eq]
  type  485 size     576 removed     64 orbit-cols -> solution (rank 94064)  [ranks=(2, 4, 3) edges=--E nonsimplex mags=(1, 1, 1) 01:ne 02:ne 12:eq]
  type  486 size    2304 removed    256 orbit-cols -> solution (rank 94064)  [ranks=(2, 4, 3) edges=--E nonsimplex mags=(1, 1, 2) 01:ne]
  type  487 size    2304 removed    256 orbit-cols -> solution (rank 94064)  [ranks=(2, 4, 3) edges=--E nonsimplex mags=(1, 1, 2) 02:eq]
  type  488 size    2304 removed    256 orbit-cols -> solution (rank 94064)  [ranks=(2, 4, 3) edges=--E nonsimplex mags=(1, 1, 2) 02:ne]
  type  489 size    2304 removed    256 orbit-cols -> solution (rank 94064)  [ranks=(2, 4, 3) edges=--E nonsimplex mags=(1, 2, 2) 12:eq]
  type  490 size    4608 removed    512 orbit-cols -> solution (rank 94064)  [ranks=(2, 4, 3) edges=--E nonsimplex mags=(1, 2, 3) ]
  type  491 size     576 removed     64 orbit-cols -> solution (rank 94064)  [ranks=(2, 4, 4) edges=-E- nonsimplex mags=(1, 1, 1) 01:eq 02:eq 12:ne]
  type  492 size    2304 removed    256 orbit-cols -> solution (rank 94064)  [ranks=(2, 4, 4) edges=-E- nonsimplex mags=(1, 1, 2) 01:eq]
  type  493 size     576 removed     64 orbit-cols -> solution (rank 94064)  [ranks=(2, 4, 4) edges=-E- nonsimplex mags=(1, 1, 1) 01:ne 02:eq 12:eq]
  type  494 size    2304 removed    256 orbit-cols -> solution (rank 94064)  [ranks=(2, 4, 4) edges=-E- nonsimplex mags=(1, 1, 2) 01:ne]
  type  495 size    2304 removed    256 orbit-cols -> solution (rank 94064)  [ranks=(2, 4, 4) edges=-E- nonsimplex mags=(1, 1, 2) 02:eq]
  type  496 size    2304 removed    256 orbit-cols -> solution (rank 94064)  [ranks=(2, 4, 4) edges=-E- nonsimplex mags=(1, 2, 2) 12:eq]
  type  497 size    2304 removed    256 orbit-cols -> solution (rank 94064)  [ranks=(2, 4, 4) edges=-E- nonsimplex mags=(1, 2, 2) 12:ne]
  type  498 size    4608 removed    512 orbit-cols -> solution (rank 94058)  [ranks=(2, 4, 4) edges=-E- nonsimplex mags=(1, 2, 3) ]
  type  499 size     576 removed     64 orbit-cols -> solution (rank 94064)  [ranks=(2, 4, 2) edges=--E nonsimplex mags=(1, 1, 1) 01:eq 02:eq 12:eq]
  type  500 size    2304 removed    256 orbit-cols -> solution (rank 94064)  [ranks=(2, 4, 2) edges=--E nonsimplex mags=(1, 1, 2) 01:eq]
  type  501 size    2304 removed    256 orbit-cols -> solution (rank 94064)  [ranks=(2, 4, 2) edges=--E nonsimplex mags=(1, 1, 2) 02:eq]
  type  502 size    1152 removed    128 orbit-cols -> solution (rank 94064)  [ranks=(2, 4, 2) edges=--E nonsimplex mags=(1, 2, 2) 12:eq]
  type  503 size    2304 removed    256 orbit-cols -> solution (rank 94064)  [ranks=(2, 4, 2) edges=--E nonsimplex mags=(1, 2, 3) ]
  type  504 size     576 removed     64 orbit-cols -> solution (rank 94064)  [ranks=(2, 4, 3) edges=--- nonsimplex mags=(1, 1, 1) 01:eq 02:eq 12:eq]
  type  505 size     576 removed     64 orbit-cols -> solution (rank 94064)  [ranks=(2, 4, 3) edges=--- nonsimplex mags=(1, 1, 1) 01:eq 02:ne 12:ne]
  type  506 size    2304 removed    256 orbit-cols -> solution (rank 94064)  [ranks=(2, 4, 3) edges=--- nonsimplex mags=(1, 1, 2) 01:eq]
  type  507 size     576 removed     64 orbit-cols -> solution (rank 94064)  [ranks=(2, 4, 3) edges=--- nonsimplex mags=(1, 1, 1) 01:ne 02:eq 12:ne]
  type  508 size     576 removed     64 orbit-cols -> solution (rank 94064)  [ranks=(2, 4, 3) edges=--- nonsimplex mags=(1, 1, 1) 01:ne 02:ne 12:eq]
  type  509 size    2304 removed    256 orbit-cols -> solution (rank 94064)  [ranks=(2, 4, 3) edges=--- nonsimplex mags=(1, 1, 2) 01:ne]
  type  510 size    2304 removed    256 orbit-cols -> solution (rank 94064)  [ranks=(2, 4, 3) edges=--- nonsimplex mags=(1, 1, 2) 02:eq]
  type  511 size    2304 removed    256 orbit-cols -> solution (rank 94064)  [ranks=(2, 4, 3) edges=--- nonsimplex mags=(1, 1, 2) 02:ne]
  type  512 size    2304 removed    256 orbit-cols -> solution (rank 94064)  [ranks=(2, 4, 3) edges=--- nonsimplex mags=(1, 2, 2) 12:eq]
  type  513 size    2304 removed    256 orbit-cols -> solution (rank 94064)  [ranks=(2, 4, 3) edges=--- nonsimplex mags=(1, 2, 2) 12:ne]
  type  514 size    4608 removed    512 orbit-cols -> solution (rank 94064)  [ranks=(2, 4, 3) edges=--- nonsimplex mags=(1, 2, 3) ]
  type  515 size     288 removed     32 orbit-cols -> solution (rank 94064)  [ranks=(2, 4, 4) edges=--- nonsimplex mags=(1, 1, 1) 01:eq 02:eq 12:eq]
  type  516 size     288 removed     32 orbit-cols -> solution (rank 94064)  [ranks=(2, 4, 4) edges=--- nonsimplex mags=(1, 1, 1) 01:eq 02:ne 12:ne]
  type  517 size    2304 removed    256 orbit-cols -> solution (rank 94064)  [ranks=(2, 4, 4) edges=--- nonsimplex mags=(1, 1, 2) 01:eq]
  type  518 size     576 removed     64 orbit-cols -> solution (rank 94064)  [ranks=(2, 4, 4) edges=--- nonsimplex mags=(1, 2, 2) 12:eq]
  type  519 size     576 removed     64 orbit-cols -> solution (rank 94064)  [ranks=(2, 4, 4) edges=--- nonsimplex mags=(1, 2, 2) 12:ne]
  type  520 size    1152 removed    128 orbit-cols -> solution (rank 94064)  [ranks=(2, 4, 4) edges=--- nonsimplex mags=(1, 2, 3) ]
  type  521 size     576 removed     64 orbit-cols -> solution (rank 94064)  [ranks=(2, 4, 4) edges=--- nonsimplex mags=(1, 1, 1) 01:eq 02:eq 12:eq]
  type  522 size     576 removed     64 orbit-cols -> solution (rank 94064)  [ranks=(2, 4, 4) edges=--- nonsimplex mags=(1, 1, 1) 01:eq 02:ne 12:ne]
  type  523 size    4608 removed    512 orbit-cols -> solution (rank 94054)  [ranks=(2, 4, 4) edges=--- nonsimplex mags=(1, 1, 2) 01:eq]
  type  524 size    1152 removed    128 orbit-cols -> solution (rank 94064)  [ranks=(2, 4, 4) edges=--- nonsimplex mags=(1, 2, 2) 12:eq]
  type  525 size    1152 removed    128 orbit-cols -> solution (rank 94064)  [ranks=(2, 4, 4) edges=--- nonsimplex mags=(1, 2, 2) 12:ne]
  type  526 size    2304 removed    256 orbit-cols -> solution (rank 94062)  [ranks=(2, 4, 4) edges=--- nonsimplex mags=(1, 2, 3) ]
  type  527 size    1152 removed    128 orbit-cols -> solution (rank 94064)  [ranks=(2, 4, 3) edges=--- nonsimplex mags=(1, 1, 1) 01:eq 02:eq 12:eq]
  type  528 size    1152 removed    128 orbit-cols -> solution (rank 94064)  [ranks=(2, 4, 3) edges=--- nonsimplex mags=(1, 1, 1) 01:eq 02:ne 12:ne]
  type  529 size    4608 removed    512 orbit-cols -> solution (rank 94064)  [ranks=(2, 4, 3) edges=--- nonsimplex mags=(1, 1, 2) 01:eq]
  type  530 size    1152 removed    128 orbit-cols -> solution (rank 94064)  [ranks=(2, 4, 3) edges=--- nonsimplex mags=(1, 1, 1) 01:ne 02:eq 12:ne]
  type  531 size    1152 removed    128 orbit-cols -> solution (rank 94064)  [ranks=(2, 4, 3) edges=--- nonsimplex mags=(1, 1, 1) 01:ne 02:ne 12:eq]
  type  532 size    4608 removed    512 orbit-cols -> solution (rank 94064)  [ranks=(2, 4, 3) edges=--- nonsimplex mags=(1, 1, 2) 01:ne]
  type  533 size    4608 removed    512 orbit-cols -> solution (rank 94064)  [ranks=(2, 4, 3) edges=--- nonsimplex mags=(1, 1, 2) 02:eq]
  type  534 size    4608 removed    512 orbit-cols -> solution (rank 94064)  [ranks=(2, 4, 3) edges=--- nonsimplex mags=(1, 1, 2) 02:ne]
  type  535 size    4608 removed    512 orbit-cols -> solution (rank 94064)  [ranks=(2, 4, 3) edges=--- nonsimplex mags=(1, 2, 2) 12:eq]
  type  536 size    4608 removed    512 orbit-cols -> solution (rank 94064)  [ranks=(2, 4, 3) edges=--- nonsimplex mags=(1, 2, 2) 12:ne]
  type  537 size    9216 removed   1024 orbit-cols -> solution (rank 94056)  [ranks=(2, 4, 3) edges=--- nonsimplex mags=(1, 2, 3) ]
  type  538 size    1152 removed    128 orbit-cols -> solution (rank 94064)  [ranks=(2, 4, 4) edges=-E- nonsimplex mags=(1, 1, 1) 01:eq 02:eq 12:ne]
  type  539 size    4608 removed    512 orbit-cols -> solution (rank 94064)  [ranks=(2, 4, 4) edges=-E- nonsimplex mags=(1, 1, 2) 01:eq]
  type  540 size    2304 removed    256 orbit-cols -> solution (rank 94064)  [ranks=(2, 4, 4) edges=-E- nonsimplex mags=(1, 1, 2) 02:eq]
  type  541 size    4608 removed    512 orbit-cols -> solution (rank 94064)  [ranks=(2, 4, 4) edges=-E- nonsimplex mags=(1, 2, 2) 12:eq]
  type  542 size    4608 removed    512 orbit-cols -> solution (rank 94056)  [ranks=(2, 4, 4) edges=-E- nonsimplex mags=(1, 2, 3) ]
  type  543 size     576 removed     64 orbit-cols -> solution (rank 94064)  [ranks=(2, 4, 2) edges=--- nonsimplex mags=(1, 1, 1) 01:eq 02:eq 12:eq]
  type  544 size    2304 removed    256 orbit-cols -> solution (rank 94064)  [ranks=(2, 4, 2) edges=--- nonsimplex mags=(1, 1, 2) 01:eq]
  type  545 size    1152 removed    128 orbit-cols -> solution (rank 94064)  [ranks=(2, 4, 2) edges=--- nonsimplex mags=(1, 1, 2) 02:eq]
  type  546 size    1152 removed    128 orbit-cols -> solution (rank 94064)  [ranks=(2, 4, 2) edges=--- nonsimplex mags=(1, 2, 3) ]
  type  547 size    2304 removed    256 orbit-cols -> solution (rank 94064)  [ranks=(2, 3, 4) edges=-EE nonsimplex mags=(1, 1, 2) 01:eq]
  type  548 size     576 removed     64 orbit-cols -> solution (rank 94064)  [ranks=(2, 3, 4) edges=-EE nonsimplex mags=(1, 1, 1) 01:ne 02:eq 12:eq]
  type  549 size    2304 removed    256 orbit-cols -> solution (rank 94064)  [ranks=(2, 3, 4) edges=-EE nonsimplex mags=(1, 1, 2) 01:ne]
  type  550 size    2304 removed    256 orbit-cols -> solution (rank 94064)  [ranks=(2, 3, 4) edges=-EE nonsimplex mags=(1, 1, 2) 02:eq]
  type  551 size    2304 removed    256 orbit-cols -> solution (rank 94064)  [ranks=(2, 3, 4) edges=-EE nonsimplex mags=(1, 2, 2) 12:eq]
  type  552 size    4608 removed    512 orbit-cols -> solution (rank 94064)  [ranks=(2, 3, 4) edges=-EE nonsimplex mags=(1, 2, 3) ]
  type  553 size     576 removed     64 orbit-cols -> solution (rank 94064)  [ranks=(2, 3, 3) edges=--- nonsimplex mags=(1, 1, 1) 01:eq 02:eq 12:eq]
  type  554 size     288 removed     32 orbit-cols -> solution (rank 94064)  [ranks=(2, 3, 3) edges=--- nonsimplex mags=(1, 1, 1) 01:eq 02:ne 12:ne]
  type  555 size    2304 removed    256 orbit-cols -> solution (rank 94064)  [ranks=(2, 3, 3) edges=--- nonsimplex mags=(1, 1, 2) 01:eq]
  type  556 size     288 removed     32 orbit-cols -> solution (rank 94064)  [ranks=(2, 3, 3) edges=--- nonsimplex mags=(1, 1, 1) 01:ne 02:eq 12:ne]
  type  557 size    2304 removed    256 orbit-cols -> solution (rank 94064)  [ranks=(2, 3, 3) edges=--- nonsimplex mags=(1, 1, 2) 01:ne]
  type  558 size    1152 removed    128 orbit-cols -> solution (rank 94064)  [ranks=(2, 3, 3) edges=--- nonsimplex mags=(1, 2, 2) 12:eq]
  type  559 size    1152 removed    128 orbit-cols -> solution (rank 94064)  [ranks=(2, 3, 3) edges=--- nonsimplex mags=(1, 2, 2) 12:ne]
  type  560 size    2304 removed    256 orbit-cols -> solution (rank 94064)  [ranks=(2, 3, 3) edges=--- nonsimplex mags=(1, 2, 3) ]
  type  561 size     288 removed     32 orbit-cols -> solution (rank 94064)  [ranks=(2, 3, 3) edges=--- nonsimplex mags=(1, 1, 1) 01:eq 02:eq 12:eq]
  type  562 size     576 removed     64 orbit-cols -> solution (rank 94064)  [ranks=(2, 3, 3) edges=--- nonsimplex mags=(1, 1, 1) 01:eq 02:ne 12:ne]
  type  563 size    2304 removed    256 orbit-cols -> solution (rank 94064)  [ranks=(2, 3, 3) edges=--- nonsimplex mags=(1, 1, 2) 01:eq]
  type  564 size     288 removed     32 orbit-cols -> solution (rank 94064)  [ranks=(2, 3, 3) edges=--- nonsimplex mags=(1, 1, 1) 01:ne 02:ne 12:eq]
  type  565 size    2304 removed    256 orbit-cols -> solution (rank 94064)  [ranks=(2, 3, 3) edges=--- nonsimplex mags=(1, 1, 2) 01:ne]
  type  566 size    1152 removed    128 orbit-cols -> solution (rank 94064)  [ranks=(2, 3, 3) edges=--- nonsimplex mags=(1, 2, 2) 12:eq]
  type  567 size    1152 removed    128 orbit-cols -> solution (rank 94064)  [ranks=(2, 3, 3) edges=--- nonsimplex mags=(1, 2, 2) 12:ne]
  type  568 size    2304 removed    256 orbit-cols -> solution (rank 94064)  [ranks=(2, 3, 3) edges=--- nonsimplex mags=(1, 2, 3) ]
  type  569 size     576 removed     64 orbit-cols -> solution (rank 94064)  [ranks=(2, 3, 4) edges=-E- nonsimplex mags=(1, 1, 1) 01:eq 02:eq 12:eq]
  type  570 size    2304 removed    256 orbit-cols -> solution (rank 94064)  [ranks=(2, 3, 4) edges=-E- nonsimplex mags=(1, 1, 2) 01:eq]
  type  571 size     576 removed     64 orbit-cols -> solution (rank 94064)  [ranks=(2, 3, 4) edges=-E- nonsimplex mags=(1, 1, 1) 01:ne 02:eq 12:ne]
  type  572 size    2304 removed    256 orbit-cols -> solution (rank 94064)  [ranks=(2, 3, 4) edges=-E- nonsimplex mags=(1, 1, 2) 01:ne]
  type  573 size    2304 removed    256 orbit-cols -> solution (rank 94064)  [ranks=(2, 3, 4) edges=-E- nonsimplex mags=(1, 1, 2) 02:eq]
  type  574 size    2304 removed    256 orbit-cols -> solution (rank 94064)  [ranks=(2, 3, 4) edges=-E- nonsimplex mags=(1, 2, 2) 12:eq]
  type  575 size    2304 removed    256 orbit-cols -> solution (rank 94064)  [ranks=(2, 3, 4) edges=-E- nonsimplex mags=(1, 2, 2) 12:ne]
  type  576 size    4608 removed    512 orbit-cols -> solution (rank 94064)  [ranks=(2, 3, 4) edges=-E- nonsimplex mags=(1, 2, 3) ]
  type  577 size     576 removed     64 orbit-cols -> solution (rank 94064)  [ranks=(2, 3, 3) edges=--- nonsimplex mags=(1, 1, 1) 01:eq 02:eq 12:eq]
  type  578 size     288 removed     32 orbit-cols -> solution (rank 94064)  [ranks=(2, 3, 3) edges=--- nonsimplex mags=(1, 1, 1) 01:eq 02:ne 12:ne]
  type  579 size    2304 removed    256 orbit-cols -> solution (rank 94064)  [ranks=(2, 3, 3) edges=--- nonsimplex mags=(1, 1, 2) 01:eq]
  type  580 size     288 removed     32 orbit-cols -> solution (rank 94064)  [ranks=(2, 3, 3) edges=--- nonsimplex mags=(1, 1, 1) 01:ne 02:eq 12:ne]
  type  581 size    2304 removed    256 orbit-cols -> solution (rank 94064)  [ranks=(2, 3, 3) edges=--- nonsimplex mags=(1, 1, 2) 01:ne]
  type  582 size    1152 removed    128 orbit-cols -> solution (rank 94064)  [ranks=(2, 3, 3) edges=--- nonsimplex mags=(1, 2, 2) 12:eq]
  type  583 size    1152 removed    128 orbit-cols -> solution (rank 94064)  [ranks=(2, 3, 3) edges=--- nonsimplex mags=(1, 2, 2) 12:ne]
  type  584 size    2304 removed    256 orbit-cols -> solution (rank 94064)  [ranks=(2, 3, 3) edges=--- nonsimplex mags=(1, 2, 3) ]
  type  585 size     576 removed     64 orbit-cols -> solution (rank 94064)  [ranks=(2, 3, 3) edges=--- nonsimplex mags=(1, 1, 1) 01:eq 02:eq 12:eq]
  type  586 size    1152 removed    128 orbit-cols -> solution (rank 94064)  [ranks=(2, 3, 3) edges=--- nonsimplex mags=(1, 1, 1) 01:eq 02:ne 12:ne]
  type  587 size    4608 removed    512 orbit-cols -> solution (rank 94064)  [ranks=(2, 3, 3) edges=--- nonsimplex mags=(1, 1, 2) 01:eq]
  type  588 size     576 removed     64 orbit-cols -> solution (rank 94064)  [ranks=(2, 3, 3) edges=--- nonsimplex mags=(1, 1, 1) 01:ne 02:ne 12:eq]
  type  589 size    4608 removed    512 orbit-cols -> solution (rank 94064)  [ranks=(2, 3, 3) edges=--- nonsimplex mags=(1, 1, 2) 01:ne]
  type  590 size    2304 removed    256 orbit-cols -> solution (rank 94064)  [ranks=(2, 3, 3) edges=--- nonsimplex mags=(1, 2, 2) 12:eq]
  type  591 size    2304 removed    256 orbit-cols -> solution (rank 94064)  [ranks=(2, 3, 3) edges=--- nonsimplex mags=(1, 2, 2) 12:ne]
  type  592 size    4608 removed    512 orbit-cols -> solution (rank 94058)  [ranks=(2, 3, 3) edges=--- nonsimplex mags=(1, 2, 3) ]
  type  593 size    1152 removed    128 orbit-cols -> solution (rank 94064)  [ranks=(2, 3, 4) edges=-E- nonsimplex mags=(1, 1, 1) 01:eq 02:eq 12:ne]
  type  594 size    4608 removed    512 orbit-cols -> solution (rank 94064)  [ranks=(2, 3, 4) edges=-E- nonsimplex mags=(1, 1, 2) 01:eq]
  type  595 size    1152 removed    128 orbit-cols -> solution (rank 94064)  [ranks=(2, 3, 4) edges=-E- nonsimplex mags=(1, 1, 1) 01:ne 02:eq 12:eq]
  type  596 size    4608 removed    512 orbit-cols -> solution (rank 94064)  [ranks=(2, 3, 4) edges=-E- nonsimplex mags=(1, 1, 2) 01:ne]
  type  597 size    4608 removed    512 orbit-cols -> solution (rank 94064)  [ranks=(2, 3, 4) edges=-E- nonsimplex mags=(1, 1, 2) 02:eq]
  type  598 size    4608 removed    512 orbit-cols -> solution (rank 94064)  [ranks=(2, 3, 4) edges=-E- nonsimplex mags=(1, 2, 2) 12:eq]
  type  599 size    4608 removed    512 orbit-cols -> solution (rank 94064)  [ranks=(2, 3, 4) edges=-E- nonsimplex mags=(1, 2, 2) 12:ne]
  type  600 size    9216 removed   1024 orbit-cols -> solution (rank 94056)  [ranks=(2, 3, 4) edges=-E- nonsimplex mags=(1, 2, 3) ]
  type  601 size    1152 removed    128 orbit-cols -> solution (rank 94064)  [ranks=(2, 3, 3) edges=--- nonsimplex mags=(1, 1, 1) 01:eq 02:eq 12:eq]
  type  602 size     576 removed     64 orbit-cols -> solution (rank 94064)  [ranks=(2, 3, 3) edges=--- nonsimplex mags=(1, 1, 1) 01:eq 02:ne 12:ne]
  type  603 size    4608 removed    512 orbit-cols -> solution (rank 94064)  [ranks=(2, 3, 3) edges=--- nonsimplex mags=(1, 1, 2) 01:eq]
  type  604 size     576 removed     64 orbit-cols -> solution (rank 94064)  [ranks=(2, 3, 3) edges=--- nonsimplex mags=(1, 1, 1) 01:ne 02:eq 12:ne]
  type  605 size    4608 removed    512 orbit-cols -> solution (rank 94064)  [ranks=(2, 3, 3) edges=--- nonsimplex mags=(1, 1, 2) 01:ne]
  type  606 size    2304 removed    256 orbit-cols -> solution (rank 94064)  [ranks=(2, 3, 3) edges=--- nonsimplex mags=(1, 2, 2) 12:eq]
  type  607 size    2304 removed    256 orbit-cols -> solution (rank 94064)  [ranks=(2, 3, 3) edges=--- nonsimplex mags=(1, 2, 2) 12:ne]
  type  608 size    4608 removed    512 orbit-cols -> solution (rank 94060)  [ranks=(2, 3, 3) edges=--- nonsimplex mags=(1, 2, 3) ]
  type  609 size     144 removed     16 orbit-cols -> solution (rank 94064)  [ranks=(2, 4, 2) edges=E-E nonsimplex mags=(1, 1, 1) 01:eq 02:ne 12:eq]
  type  610 size    1152 removed    128 orbit-cols -> solution (rank 94064)  [ranks=(2, 4, 2) edges=E-E nonsimplex mags=(1, 1, 2) 01:eq]
  type  611 size     576 removed     64 orbit-cols -> solution (rank 94064)  [ranks=(2, 4, 2) edges=E-E nonsimplex mags=(1, 1, 2) 02:eq]
  type  612 size     576 removed     64 orbit-cols -> solution (rank 94064)  [ranks=(2, 4, 2) edges=E-E nonsimplex mags=(1, 1, 2) 02:ne]
  type  613 size    1152 removed    128 orbit-cols -> solution (rank 94064)  [ranks=(2, 4, 2) edges=E-E nonsimplex mags=(1, 2, 3) ]
  type  614 size     144 removed     16 orbit-cols -> solution (rank 94064)  [ranks=(2, 4, 4) edges=EE- nonsimplex mags=(1, 1, 1) 01:eq 02:eq 12:ne]
  type  615 size    1152 removed    128 orbit-cols -> solution (rank 94064)  [ranks=(2, 4, 4) edges=EE- nonsimplex mags=(1, 1, 2) 01:eq]
  type  616 size     576 removed     64 orbit-cols -> solution (rank 94064)  [ranks=(2, 4, 4) edges=EE- nonsimplex mags=(1, 2, 2) 12:eq]
  type  617 size     576 removed     64 orbit-cols -> solution (rank 94064)  [ranks=(2, 4, 4) edges=EE- nonsimplex mags=(1, 2, 2) 12:ne]
  type  618 size    1152 removed    128 orbit-cols -> solution (rank 94064)  [ranks=(2, 4, 4) edges=EE- nonsimplex mags=(1, 2, 3) ]
  type  619 size     288 removed     32 orbit-cols -> solution (rank 94064)  [ranks=(2, 4, 4) edges=EE- nonsimplex mags=(1, 1, 1) 01:eq 02:eq 12:eq]
  type  620 size    2304 removed    256 orbit-cols -> solution (rank 94054)  [ranks=(2, 4, 4) edges=EE- nonsimplex mags=(1, 1, 2) 01:eq]
  type  621 size    1152 removed    128 orbit-cols -> solution (rank 94064)  [ranks=(2, 4, 4) edges=EE- nonsimplex mags=(1, 2, 2) 12:eq]
  type  622 size    1152 removed    128 orbit-cols -> solution (rank 94044)  [ranks=(2, 4, 4) edges=EE- nonsimplex mags=(1, 2, 2) 12:ne]
  type  623 size    2304 removed    256 orbit-cols -> solution (rank 94062)  [ranks=(2, 4, 4) edges=EE- nonsimplex mags=(1, 2, 3) ]
  type  624 size     288 removed     32 orbit-cols -> solution (rank 94064)  [ranks=(3, 3, 3) edges=--- nonsimplex mags=(1, 1, 1) 01:eq 02:eq 12:eq]
  type  625 size    1152 removed    128 orbit-cols -> solution (rank 94062)  [ranks=(3, 3, 3) edges=--- nonsimplex mags=(1, 1, 2) 01:eq]
  type  626 size      96 removed     12 orbit-cols -> solution (rank 94064)  [ranks=(3, 3, 3) edges=--- nonsimplex mags=(1, 1, 1) 01:ne 02:ne 12:eq]
  type  627 size    1152 removed    128 orbit-cols -> solution (rank 94064)  [ranks=(3, 3, 3) edges=--- nonsimplex mags=(1, 1, 2) 01:ne]
  type  628 size     768 removed     88 orbit-cols -> solution (rank 94062)  [ranks=(3, 3, 3) edges=--- nonsimplex mags=(1, 2, 3) ]
  type  629 size    1152 removed    128 orbit-cols -> solution (rank 94064)  [ranks=(3, 3, 4) edges=--- nonsimplex mags=(1, 1, 1) 01:eq 02:eq 12:eq]
  type  630 size    2304 removed    256 orbit-cols -> solution (rank 94064)  [ranks=(3, 3, 4) edges=--- nonsimplex mags=(1, 1, 2) 01:eq]
  type  631 size     576 removed     64 orbit-cols -> solution (rank 94064)  [ranks=(3, 3, 4) edges=--- nonsimplex mags=(1, 1, 1) 01:ne 02:eq 12:ne]
  type  632 size     576 removed     64 orbit-cols -> solution (rank 94064)  [ranks=(3, 3, 4) edges=--- nonsimplex mags=(1, 1, 1) 01:ne 02:ne 12:eq]
  type  633 size    2304 removed    256 orbit-cols -> solution (rank 94064)  [ranks=(3, 3, 4) edges=--- nonsimplex mags=(1, 1, 2) 01:ne]
  type  634 size    4608 removed    512 orbit-cols -> solution (rank 94064)  [ranks=(3, 3, 4) edges=--- nonsimplex mags=(1, 1, 2) 02:eq]
  type  635 size    4608 removed    512 orbit-cols -> solution (rank 94064)  [ranks=(3, 3, 4) edges=--- nonsimplex mags=(1, 1, 2) 02:ne]
  type  636 size    4608 removed    512 orbit-cols -> solution (rank 94056)  [ranks=(3, 3, 4) edges=--- nonsimplex mags=(1, 2, 3) ]
  type  637 size     576 removed     64 orbit-cols -> solution (rank 94064)  [ranks=(3, 3, 3) edges=--- nonsimplex mags=(1, 1, 1) 01:eq 02:eq 12:eq]
  type  638 size    1152 removed    128 orbit-cols -> solution (rank 94064)  [ranks=(3, 3, 3) edges=--- nonsimplex mags=(1, 1, 2) 01:eq]
  type  639 size     576 removed     64 orbit-cols -> solution (rank 94064)  [ranks=(3, 3, 3) edges=--- nonsimplex mags=(1, 1, 1) 01:ne 02:eq 12:ne]
  type  640 size    1152 removed    128 orbit-cols -> solution (rank 94064)  [ranks=(3, 3, 3) edges=--- nonsimplex mags=(1, 1, 2) 01:ne]
  type  641 size    4608 removed    512 orbit-cols -> solution (rank 94056)  [ranks=(3, 3, 3) edges=--- nonsimplex mags=(1, 1, 2) 02:eq]
  type  642 size    2304 removed    256 orbit-cols -> solution (rank 94060)  [ranks=(3, 3, 3) edges=--- nonsimplex mags=(1, 2, 3) ]
  type  643 size    1152 removed    128 orbit-cols -> solution (rank 94064)  [ranks=(3, 3, 3) edges=--- nonsimplex mags=(1, 1, 1) 01:eq 02:eq 12:eq]
  type  644 size    1152 removed    128 orbit-cols -> solution (rank 94064)  [ranks=(3, 3, 3) edges=--- nonsimplex mags=(1, 1, 1) 01:eq 02:ne 12:ne]
  type  645 size    4608 removed    512 orbit-cols -> solution (rank 94064)  [ranks=(3, 3, 3) edges=--- nonsimplex mags=(1, 1, 2) 01:eq]
  type  646 size    1152 removed    128 orbit-cols -> solution (rank 94064)  [ranks=(3, 3, 3) edges=--- nonsimplex mags=(1, 1, 1) 01:ne 02:eq 12:ne]
  type  647 size    1152 removed    128 orbit-cols -> solution (rank 94064)  [ranks=(3, 3, 3) edges=--- nonsimplex mags=(1, 1, 1) 01:ne 02:ne 12:eq]
  type  648 size    4608 removed    512 orbit-cols -> solution (rank 94064)  [ranks=(3, 3, 3) edges=--- nonsimplex mags=(1, 1, 2) 01:ne]
  type  649 size    4608 removed    512 orbit-cols -> solution (rank 94064)  [ranks=(3, 3, 3) edges=--- nonsimplex mags=(1, 1, 2) 02:eq]
  type  650 size    4608 removed    512 orbit-cols -> solution (rank 94064)  [ranks=(3, 3, 3) edges=--- nonsimplex mags=(1, 1, 2) 02:ne]
  type  651 size    4608 removed    512 orbit-cols -> solution (rank 94064)  [ranks=(3, 3, 3) edges=--- nonsimplex mags=(1, 2, 2) 12:eq]
  type  652 size    4608 removed    512 orbit-cols -> solution (rank 94064)  [ranks=(3, 3, 3) edges=--- nonsimplex mags=(1, 2, 2) 12:ne]
  type  653 size    9216 removed   1024 orbit-cols -> solution (rank 94032)  [ranks=(3, 3, 3) edges=--- nonsimplex mags=(1, 2, 3) ]
  type  654 size     576 removed     64 orbit-cols -> solution (rank 94064)  [ranks=(3, 3, 4) edges=--E nonsimplex mags=(1, 1, 1) 01:eq 02:ne 12:eq]
  type  655 size    2304 removed    256 orbit-cols -> solution (rank 94064)  [ranks=(3, 3, 4) edges=--E nonsimplex mags=(1, 1, 2) 01:eq]
  type  656 size     576 removed     64 orbit-cols -> solution (rank 94064)  [ranks=(3, 3, 4) edges=--E nonsimplex mags=(1, 1, 1) 01:ne 02:eq 12:eq]
  type  657 size    2304 removed    256 orbit-cols -> solution (rank 94064)  [ranks=(3, 3, 4) edges=--E nonsimplex mags=(1, 1, 2) 01:ne]
  type  658 size    2304 removed    256 orbit-cols -> solution (rank 94064)  [ranks=(3, 3, 4) edges=--E nonsimplex mags=(1, 1, 2) 02:eq]
  type  659 size    2304 removed    256 orbit-cols -> solution (rank 94064)  [ranks=(3, 3, 4) edges=--E nonsimplex mags=(1, 1, 2) 02:ne]
  type  660 size    2304 removed    256 orbit-cols -> solution (rank 94064)  [ranks=(3, 3, 4) edges=--E nonsimplex mags=(1, 2, 2) 12:eq]
  type  661 size    4608 removed    512 orbit-cols -> solution (rank 94064)  [ranks=(3, 3, 4) edges=--E nonsimplex mags=(1, 2, 3) ]
  type  662 size     288 removed     32 orbit-cols -> solution (rank 94064)  [ranks=(3, 3, 3) edges=--- nonsimplex mags=(1, 1, 1) 01:eq 02:eq 12:eq]
  type  663 size     288 removed     32 orbit-cols -> solution (rank 94064)  [ranks=(3, 3, 3) edges=--- nonsimplex mags=(1, 1, 1) 01:eq 02:ne 12:ne]
  type  664 size    1152 removed    128 orbit-cols -> solution (rank 94064)  [ranks=(3, 3, 3) edges=--- nonsimplex mags=(1, 1, 2) 01:eq]
  type  665 size     576 removed     64 orbit-cols -> solution (rank 94064)  [ranks=(3, 3, 3) edges=--- nonsimplex mags=(1, 1, 1) 01:ne 02:eq 12:ne]
  type  666 size    1152 removed    128 orbit-cols -> solution (rank 94064)  [ranks=(3, 3, 3) edges=--- nonsimplex mags=(1, 1, 2) 01:ne]
  type  667 size    2304 removed    256 orbit-cols -> solution (rank 94064)  [ranks=(3, 3, 3) edges=--- nonsimplex mags=(1, 1, 2) 02:eq]
  type  668 size    2304 removed    256 orbit-cols -> solution (rank 94064)  [ranks=(3, 3, 3) edges=--- nonsimplex mags=(1, 1, 2) 02:ne]
  type  669 size    2304 removed    256 orbit-cols -> solution (rank 94060)  [ranks=(3, 3, 3) edges=--- nonsimplex mags=(1, 2, 3) ]
  type  670 size    1152 removed    128 orbit-cols -> solution (rank 94064)  [ranks=(3, 4, 3) edges=--E nonsimplex mags=(1, 1, 1) 01:eq 02:eq 12:eq]
  type  671 size    4608 removed    512 orbit-cols -> solution (rank 94064)  [ranks=(3, 4, 3) edges=--E nonsimplex mags=(1, 1, 2) 01:eq]
  type  672 size    1152 removed    128 orbit-cols -> solution (rank 94064)  [ranks=(3, 4, 3) edges=--E nonsimplex mags=(1, 1, 1) 01:ne 02:ne 12:eq]
  type  673 size    4608 removed    512 orbit-cols -> solution (rank 94064)  [ranks=(3, 4, 3) edges=--E nonsimplex mags=(1, 1, 2) 01:ne]
  type  674 size    4608 removed    512 orbit-cols -> solution (rank 94064)  [ranks=(3, 4, 3) edges=--E nonsimplex mags=(1, 1, 2) 02:eq]
  type  675 size    4608 removed    512 orbit-cols -> solution (rank 94064)  [ranks=(3, 4, 3) edges=--E nonsimplex mags=(1, 1, 2) 02:ne]
  type  676 size    4608 removed    512 orbit-cols -> solution (rank 94064)  [ranks=(3, 4, 3) edges=--E nonsimplex mags=(1, 2, 2) 12:eq]
  type  677 size    9216 removed   1024 orbit-cols -> solution (rank 94050)  [ranks=(3, 4, 3) edges=--E nonsimplex mags=(1, 2, 3) ]
  type  678 size    1152 removed    128 orbit-cols -> solution (rank 94064)  [ranks=(3, 4, 4) edges=--- nonsimplex mags=(1, 1, 1) 01:eq 02:eq 12:eq]
  type  679 size     576 removed     64 orbit-cols -> solution (rank 94064)  [ranks=(3, 4, 4) edges=--- nonsimplex mags=(1, 1, 1) 01:eq 02:ne 12:ne]
  type  680 size    4608 removed    512 orbit-cols -> solution (rank 94064)  [ranks=(3, 4, 4) edges=--- nonsimplex mags=(1, 1, 2) 01:eq]
  type  681 size     576 removed     64 orbit-cols -> solution (rank 94064)  [ranks=(3, 4, 4) edges=--- nonsimplex mags=(1, 1, 1) 01:ne 02:eq 12:ne]
  type  682 size    4608 removed    512 orbit-cols -> solution (rank 94064)  [ranks=(3, 4, 4) edges=--- nonsimplex mags=(1, 1, 2) 01:ne]
  type  683 size    2304 removed    256 orbit-cols -> solution (rank 94064)  [ranks=(3, 4, 4) edges=--- nonsimplex mags=(1, 2, 2) 12:eq]
  type  684 size    2304 removed    256 orbit-cols -> solution (rank 94064)  [ranks=(3, 4, 4) edges=--- nonsimplex mags=(1, 2, 2) 12:ne]
  type  685 size    4608 removed    512 orbit-cols -> solution (rank 94060)  [ranks=(3, 4, 4) edges=--- nonsimplex mags=(1, 2, 3) ]
  type  686 size     576 removed     64 orbit-cols -> solution (rank 94064)  [ranks=(3, 4, 3) edges=--- nonsimplex mags=(1, 1, 1) 01:eq 02:eq 12:eq]
  type  687 size    1152 removed    128 orbit-cols -> solution (rank 94064)  [ranks=(3, 4, 3) edges=--- nonsimplex mags=(1, 1, 1) 01:eq 02:ne 12:ne]
  type  688 size    4608 removed    512 orbit-cols -> solution (rank 94064)  [ranks=(3, 4, 3) edges=--- nonsimplex mags=(1, 1, 2) 01:eq]
  type  689 size     576 removed     64 orbit-cols -> solution (rank 94064)  [ranks=(3, 4, 3) edges=--- nonsimplex mags=(1, 1, 1) 01:ne 02:eq 12:ne]
  type  690 size    4608 removed    512 orbit-cols -> solution (rank 94064)  [ranks=(3, 4, 3) edges=--- nonsimplex mags=(1, 1, 2) 01:ne]
  type  691 size    2304 removed    256 orbit-cols -> solution (rank 94064)  [ranks=(3, 4, 3) edges=--- nonsimplex mags=(1, 1, 2) 02:eq]
  type  692 size    2304 removed    256 orbit-cols -> solution (rank 94064)  [ranks=(3, 4, 3) edges=--- nonsimplex mags=(1, 1, 2) 02:ne]
  type  693 size    4608 removed    512 orbit-cols -> solution (rank 94060)  [ranks=(3, 4, 3) edges=--- nonsimplex mags=(1, 2, 3) ]
  type  694 size     576 removed     64 orbit-cols -> solution (rank 94064)  [ranks=(3, 4, 4) edges=-E- nonsimplex mags=(1, 1, 1) 01:eq 02:eq 12:ne]
  type  695 size    2304 removed    256 orbit-cols -> solution (rank 94064)  [ranks=(3, 4, 4) edges=-E- nonsimplex mags=(1, 1, 2) 01:eq]
  type  696 size     576 removed     64 orbit-cols -> solution (rank 94064)  [ranks=(3, 4, 4) edges=-E- nonsimplex mags=(1, 1, 1) 01:ne 02:eq 12:eq]
  type  697 size    2304 removed    256 orbit-cols -> solution (rank 94064)  [ranks=(3, 4, 4) edges=-E- nonsimplex mags=(1, 1, 2) 01:ne]
  type  698 size    2304 removed    256 orbit-cols -> solution (rank 94064)  [ranks=(3, 4, 4) edges=-E- nonsimplex mags=(1, 1, 2) 02:eq]
  type  699 size    2304 removed    256 orbit-cols -> solution (rank 94064)  [ranks=(3, 4, 4) edges=-E- nonsimplex mags=(1, 2, 2) 12:eq]
  type  700 size    2304 removed    256 orbit-cols -> solution (rank 94064)  [ranks=(3, 4, 4) edges=-E- nonsimplex mags=(1, 2, 2) 12:ne]
  type  701 size    4608 removed    512 orbit-cols -> solution (rank 94064)  [ranks=(3, 4, 4) edges=-E- nonsimplex mags=(1, 2, 3) ]
  type  702 size     576 removed     64 orbit-cols -> solution (rank 94064)  [ranks=(3, 4, 3) edges=--E nonsimplex mags=(1, 1, 1) 01:eq 02:eq 12:eq]
  type  703 size    2304 removed    256 orbit-cols -> solution (rank 94064)  [ranks=(3, 4, 3) edges=--E nonsimplex mags=(1, 1, 2) 01:eq]
  type  704 size     576 removed     64 orbit-cols -> solution (rank 94064)  [ranks=(3, 4, 3) edges=--E nonsimplex mags=(1, 1, 1) 01:ne 02:ne 12:eq]
  type  705 size    2304 removed    256 orbit-cols -> solution (rank 94064)  [ranks=(3, 4, 3) edges=--E nonsimplex mags=(1, 1, 2) 01:ne]
  type  706 size    2304 removed    256 orbit-cols -> solution (rank 94064)  [ranks=(3, 4, 3) edges=--E nonsimplex mags=(1, 1, 2) 02:eq]
  type  707 size    2304 removed    256 orbit-cols -> solution (rank 94064)  [ranks=(3, 4, 3) edges=--E nonsimplex mags=(1, 1, 2) 02:ne]
  type  708 size    2304 removed    256 orbit-cols -> solution (rank 94064)  [ranks=(3, 4, 3) edges=--E nonsimplex mags=(1, 2, 2) 12:eq]
  type  709 size    4608 removed    512 orbit-cols -> solution (rank 94064)  [ranks=(3, 4, 3) edges=--E nonsimplex mags=(1, 2, 3) ]
  type  710 size    1152 removed    128 orbit-cols -> solution (rank 94064)  [ranks=(3, 4, 3) edges=--- nonsimplex mags=(1, 1, 1) 01:eq 02:eq 12:eq]
  type  711 size    1152 removed    128 orbit-cols -> solution (rank 94064)  [ranks=(3, 4, 3) edges=--- nonsimplex mags=(1, 1, 1) 01:eq 02:ne 12:ne]
  type  712 size    4608 removed    512 orbit-cols -> solution (rank 94064)  [ranks=(3, 4, 3) edges=--- nonsimplex mags=(1, 1, 2) 01:eq]
  type  713 size    1152 removed    128 orbit-cols -> solution (rank 94064)  [ranks=(3, 4, 3) edges=--- nonsimplex mags=(1, 1, 1) 01:ne 02:eq 12:ne]
  type  714 size    1152 removed    128 orbit-cols -> solution (rank 94064)  [ranks=(3, 4, 3) edges=--- nonsimplex mags=(1, 1, 1) 01:ne 02:ne 12:eq]
  type  715 size    4608 removed    512 orbit-cols -> solution (rank 94064)  [ranks=(3, 4, 3) edges=--- nonsimplex mags=(1, 1, 2) 01:ne]
  type  716 size    4608 removed    512 orbit-cols -> solution (rank 94064)  [ranks=(3, 4, 3) edges=--- nonsimplex mags=(1, 1, 2) 02:eq]
  type  717 size    4608 removed    512 orbit-cols -> solution (rank 94064)  [ranks=(3, 4, 3) edges=--- nonsimplex mags=(1, 1, 2) 02:ne]
  type  718 size    4608 removed    512 orbit-cols -> solution (rank 94064)  [ranks=(3, 4, 3) edges=--- nonsimplex mags=(1, 2, 2) 12:eq]
  type  719 size    4608 removed    512 orbit-cols -> solution (rank 94064)  [ranks=(3, 4, 3) edges=--- nonsimplex mags=(1, 2, 2) 12:ne]
  type  720 size    9216 removed   1024 orbit-cols -> solution (rank 94039)  [ranks=(3, 4, 3) edges=--- nonsimplex mags=(1, 2, 3) ]
  type  721 size     576 removed     64 orbit-cols -> solution (rank 94064)  [ranks=(3, 4, 3) edges=--- nonsimplex mags=(1, 1, 1) 01:eq 02:eq 12:eq]
  type  722 size     288 removed     32 orbit-cols -> solution (rank 94064)  [ranks=(3, 4, 3) edges=--- nonsimplex mags=(1, 1, 1) 01:eq 02:ne 12:ne]
  type  723 size    2304 removed    256 orbit-cols -> solution (rank 94064)  [ranks=(3, 4, 3) edges=--- nonsimplex mags=(1, 1, 2) 01:eq]
  type  724 size     288 removed     32 orbit-cols -> solution (rank 94064)  [ranks=(3, 4, 3) edges=--- nonsimplex mags=(1, 1, 1) 01:ne 02:ne 12:eq]
  type  725 size    2304 removed    256 orbit-cols -> solution (rank 94064)  [ranks=(3, 4, 3) edges=--- nonsimplex mags=(1, 1, 2) 01:ne]
  type  726 size    1152 removed    128 orbit-cols -> solution (rank 94064)  [ranks=(3, 4, 3) edges=--- nonsimplex mags=(1, 1, 2) 02:eq]
  type  727 size    1152 removed    128 orbit-cols -> solution (rank 94064)  [ranks=(3, 4, 3) edges=--- nonsimplex mags=(1, 1, 2) 02:ne]
  type  728 size    2304 removed    256 orbit-cols -> solution (rank 94064)  [ranks=(3, 4, 3) edges=--- nonsimplex mags=(1, 2, 3) ]
  type  729 size     576 removed     64 orbit-cols -> solution (rank 94064)  [ranks=(3, 4, 4) edges=-E- nonsimplex mags=(1, 1, 1) 01:eq 02:eq 12:eq]
  type  730 size    2304 removed    256 orbit-cols -> solution (rank 94064)  [ranks=(3, 4, 4) edges=-E- nonsimplex mags=(1, 1, 2) 01:eq]
  type  731 size     576 removed     64 orbit-cols -> solution (rank 94064)  [ranks=(3, 4, 4) edges=-E- nonsimplex mags=(1, 1, 1) 01:ne 02:eq 12:ne]
  type  732 size    2304 removed    256 orbit-cols -> solution (rank 94064)  [ranks=(3, 4, 4) edges=-E- nonsimplex mags=(1, 1, 2) 01:ne]
  type  733 size    2304 removed    256 orbit-cols -> solution (rank 94064)  [ranks=(3, 4, 4) edges=-E- nonsimplex mags=(1, 1, 2) 02:eq]
  type  734 size    2304 removed    256 orbit-cols -> solution (rank 94064)  [ranks=(3, 4, 4) edges=-E- nonsimplex mags=(1, 2, 2) 12:eq]
  type  735 size    2304 removed    256 orbit-cols -> solution (rank 94064)  [ranks=(3, 4, 4) edges=-E- nonsimplex mags=(1, 2, 2) 12:ne]
  type  736 size    4608 removed    512 orbit-cols -> solution (rank 94064)  [ranks=(3, 4, 4) edges=-E- nonsimplex mags=(1, 2, 3) ]
  type  737 size     576 removed     64 orbit-cols -> solution (rank 94064)  [ranks=(3, 4, 3) edges=--- nonsimplex mags=(1, 1, 1) 01:eq 02:eq 12:eq]
  type  738 size    1152 removed    128 orbit-cols -> solution (rank 94064)  [ranks=(3, 4, 3) edges=--- nonsimplex mags=(1, 1, 1) 01:eq 02:ne 12:ne]
  type  739 size    4608 removed    512 orbit-cols -> solution (rank 94064)  [ranks=(3, 4, 3) edges=--- nonsimplex mags=(1, 1, 2) 01:eq]
  type  740 size     576 removed     64 orbit-cols -> solution (rank 94064)  [ranks=(3, 4, 3) edges=--- nonsimplex mags=(1, 1, 1) 01:ne 02:eq 12:ne]
  type  741 size    4608 removed    512 orbit-cols -> solution (rank 94064)  [ranks=(3, 4, 3) edges=--- nonsimplex mags=(1, 1, 2) 01:ne]
  type  742 size    2304 removed    256 orbit-cols -> solution (rank 94064)  [ranks=(3, 4, 3) edges=--- nonsimplex mags=(1, 1, 2) 02:eq]
  type  743 size    2304 removed    256 orbit-cols -> solution (rank 94064)  [ranks=(3, 4, 3) edges=--- nonsimplex mags=(1, 1, 2) 02:ne]
  type  744 size    4608 removed    512 orbit-cols -> solution (rank 94060)  [ranks=(3, 4, 3) edges=--- nonsimplex mags=(1, 2, 3) ]
  type  745 size     576 removed     64 orbit-cols -> solution (rank 94064)  [ranks=(3, 4, 4) edges=--- nonsimplex mags=(1, 1, 1) 01:eq 02:eq 12:eq]
  type  746 size    1152 removed    128 orbit-cols -> solution (rank 94064)  [ranks=(3, 4, 4) edges=--- nonsimplex mags=(1, 1, 1) 01:eq 02:ne 12:ne]
  type  747 size    4608 removed    512 orbit-cols -> solution (rank 94064)  [ranks=(3, 4, 4) edges=--- nonsimplex mags=(1, 1, 2) 01:eq]
  type  748 size     576 removed     64 orbit-cols -> solution (rank 94064)  [ranks=(3, 4, 4) edges=--- nonsimplex mags=(1, 1, 1) 01:ne 02:ne 12:eq]
  type  749 size    4608 removed    512 orbit-cols -> solution (rank 94064)  [ranks=(3, 4, 4) edges=--- nonsimplex mags=(1, 1, 2) 01:ne]
  type  750 size    2304 removed    256 orbit-cols -> solution (rank 94064)  [ranks=(3, 4, 4) edges=--- nonsimplex mags=(1, 2, 2) 12:eq]
  type  751 size    2304 removed    256 orbit-cols -> solution (rank 94064)  [ranks=(3, 4, 4) edges=--- nonsimplex mags=(1, 2, 2) 12:ne]
  type  752 size    4608 removed    512 orbit-cols -> solution (rank 94054)  [ranks=(3, 4, 4) edges=--- nonsimplex mags=(1, 2, 3) ]
  type  753 size     576 removed     64 orbit-cols -> solution (rank 94064)  [ranks=(3, 4, 4) edges=--- nonsimplex mags=(1, 1, 1) 01:eq 02:eq 12:eq]
  type  754 size     288 removed     32 orbit-cols -> solution (rank 94064)  [ranks=(3, 4, 4) edges=--- nonsimplex mags=(1, 1, 1) 01:eq 02:ne 12:ne]
  type  755 size    2304 removed    256 orbit-cols -> solution (rank 94064)  [ranks=(3, 4, 4) edges=--- nonsimplex mags=(1, 1, 2) 01:eq]
  type  756 size     288 removed     32 orbit-cols -> solution (rank 94064)  [ranks=(3, 4, 4) edges=--- nonsimplex mags=(1, 1, 1) 01:ne 02:eq 12:ne]
  type  757 size    2304 removed    256 orbit-cols -> solution (rank 94064)  [ranks=(3, 4, 4) edges=--- nonsimplex mags=(1, 1, 2) 01:ne]
  type  758 size    1152 removed    128 orbit-cols -> solution (rank 94064)  [ranks=(3, 4, 4) edges=--- nonsimplex mags=(1, 2, 2) 12:eq]
  type  759 size    1152 removed    128 orbit-cols -> solution (rank 94064)  [ranks=(3, 4, 4) edges=--- nonsimplex mags=(1, 2, 2) 12:ne]
  type  760 size    2304 removed    256 orbit-cols -> solution (rank 94064)  [ranks=(3, 4, 4) edges=--- nonsimplex mags=(1, 2, 3) ]
  type  761 size     576 removed     64 orbit-cols -> solution (rank 94064)  [ranks=(3, 3, 3) edges=--- nonsimplex mags=(1, 1, 1) 01:eq 02:eq 12:eq]
  type  762 size    1152 removed    128 orbit-cols -> solution (rank 94064)  [ranks=(3, 3, 3) edges=--- nonsimplex mags=(1, 1, 1) 01:eq 02:ne 12:ne]
  type  763 size    4608 removed    512 orbit-cols -> solution (rank 94064)  [ranks=(3, 3, 3) edges=--- nonsimplex mags=(1, 1, 2) 01:eq]
  type  764 size     576 removed     64 orbit-cols -> solution (rank 94064)  [ranks=(3, 3, 3) edges=--- nonsimplex mags=(1, 1, 1) 01:ne 02:ne 12:eq]
  type  765 size    4608 removed    512 orbit-cols -> solution (rank 94064)  [ranks=(3, 3, 3) edges=--- nonsimplex mags=(1, 1, 2) 01:ne]
  type  766 size    2304 removed    256 orbit-cols -> solution (rank 94064)  [ranks=(3, 3, 3) edges=--- nonsimplex mags=(1, 2, 2) 12:eq]
  type  767 size    2304 removed    256 orbit-cols -> solution (rank 94064)  [ranks=(3, 3, 3) edges=--- nonsimplex mags=(1, 2, 2) 12:ne]
  type  768 size    4608 removed    512 orbit-cols -> solution (rank 94055)  [ranks=(3, 3, 3) edges=--- nonsimplex mags=(1, 2, 3) ]
  type  769 size    1152 removed    128 orbit-cols -> solution (rank 94064)  [ranks=(3, 3, 3) edges=--- nonsimplex mags=(1, 1, 1) 01:eq 02:eq 12:eq]
  type  770 size    2304 removed    256 orbit-cols -> solution (rank 94064)  [ranks=(3, 3, 3) edges=--- nonsimplex mags=(1, 1, 2) 01:eq]
  type  771 size     576 removed     64 orbit-cols -> solution (rank 94064)  [ranks=(3, 3, 3) edges=--- nonsimplex mags=(1, 1, 1) 01:ne 02:eq 12:ne]
  type  772 size     576 removed     64 orbit-cols -> solution (rank 94064)  [ranks=(3, 3, 3) edges=--- nonsimplex mags=(1, 1, 1) 01:ne 02:ne 12:eq]
  type  773 size    2304 removed    256 orbit-cols -> solution (rank 94064)  [ranks=(3, 3, 3) edges=--- nonsimplex mags=(1, 1, 2) 01:ne]
  type  774 size    4608 removed    512 orbit-cols -> solution (rank 94064)  [ranks=(3, 3, 3) edges=--- nonsimplex mags=(1, 1, 2) 02:eq]
  type  775 size    4608 removed    512 orbit-cols -> solution (rank 94064)  [ranks=(3, 3, 3) edges=--- nonsimplex mags=(1, 1, 2) 02:ne]
  type  776 size    4608 removed    512 orbit-cols -> solution (rank 94055)  [ranks=(3, 3, 3) edges=--- nonsimplex mags=(1, 2, 3) ]
  type  777 size     576 removed     64 orbit-cols -> solution (rank 94064)  [ranks=(3, 3, 3) edges=--- nonsimplex mags=(1, 1, 1) 01:eq 02:eq 12:eq]
  type  778 size     192 removed     24 orbit-cols -> solution (rank 94064)  [ranks=(3, 3, 3) edges=--- nonsimplex mags=(1, 1, 1) 01:eq 02:ne 12:ne]
  type  779 size    2304 removed    256 orbit-cols -> solution (rank 94064)  [ranks=(3, 3, 3) edges=--- nonsimplex mags=(1, 1, 2) 01:eq]
  type  780 size    2304 removed    256 orbit-cols -> solution (rank 94064)  [ranks=(3, 3, 3) edges=--- nonsimplex mags=(1, 1, 2) 01:ne]
  type  781 size    1536 removed    176 orbit-cols -> solution (rank 94060)  [ranks=(3, 3, 3) edges=--- nonsimplex mags=(1, 2, 3) ]
  type  782 size     576 removed     64 orbit-cols -> solution (rank 94064)  [ranks=(3, 3, 3) edges=--- nonsimplex mags=(1, 1, 1) 01:eq 02:eq 12:eq]
  type  783 size    2304 removed    256 orbit-cols -> solution (rank 94060)  [ranks=(3, 3, 3) edges=--- nonsimplex mags=(1, 1, 2) 01:eq]
  type  784 size     192 removed     24 orbit-cols -> solution (rank 94064)  [ranks=(3, 3, 3) edges=--- nonsimplex mags=(1, 1, 1) 01:ne 02:ne 12:eq]
  type  785 size    2304 removed    256 orbit-cols -> solution (rank 94064)  [ranks=(3, 3, 3) edges=--- nonsimplex mags=(1, 1, 2) 01:ne]
  type  786 size    1536 removed    176 orbit-cols -> solution (rank 94060)  [ranks=(3, 3, 3) edges=--- nonsimplex mags=(1, 2, 3) ]
  type  787 size    1152 removed    128 orbit-cols -> solution (rank 94064)  [ranks=(3, 3, 4) edges=-EE nonsimplex mags=(1, 1, 2) 01:eq]
  type  788 size     288 removed     32 orbit-cols -> solution (rank 94064)  [ranks=(3, 3, 4) edges=-EE nonsimplex mags=(1, 1, 1) 01:ne 02:eq 12:eq]
  type  789 size    1152 removed    128 orbit-cols -> solution (rank 94064)  [ranks=(3, 3, 4) edges=-EE nonsimplex mags=(1, 1, 2) 01:ne]
  type  790 size    2304 removed    256 orbit-cols -> solution (rank 94048)  [ranks=(3, 3, 4) edges=-EE nonsimplex mags=(1, 1, 2) 02:eq]
  type  791 size    2304 removed    256 orbit-cols -> solution (rank 94064)  [ranks=(3, 3, 4) edges=-EE nonsimplex mags=(1, 2, 3) ]
  type  792 size      96 removed     12 orbit-cols -> solution (rank 94064)  [ranks=(3, 4, 4) edges=EE- nonsimplex mags=(1, 1, 1) 01:eq 02:eq 12:ne]
  type  793 size     768 removed     96 orbit-cols -> solution (rank 94064)  [ranks=(3, 4, 4) edges=EE- nonsimplex mags=(1, 1, 2) 01:eq]
  type  794 size     384 removed     48 orbit-cols -> solution (rank 94064)  [ranks=(3, 4, 4) edges=EE- nonsimplex mags=(1, 2, 2) 12:eq]
  type  795 size     384 removed     48 orbit-cols -> solution (rank 94064)  [ranks=(3, 4, 4) edges=EE- nonsimplex mags=(1, 2, 2) 12:ne]
  type  796 size     768 removed     96 orbit-cols -> solution (rank 94064)  [ranks=(3, 4, 4) edges=EE- nonsimplex mags=(1, 2, 3) ]
  type  797 size     288 removed     32 orbit-cols -> solution (rank 94064)  [ranks=(4, 4, 4) edges=--- nonsimplex mags=(1, 1, 1) 01:eq 02:eq 12:eq]
  type  798 size     576 removed     64 orbit-cols -> solution (rank 94064)  [ranks=(4, 4, 4) edges=--- nonsimplex mags=(1, 1, 1) 01:eq 02:ne 12:ne]
  type  799 size    2304 removed    256 orbit-cols -> solution (rank 94064)  [ranks=(4, 4, 4) edges=--- nonsimplex mags=(1, 1, 2) 01:eq]
  type  800 size     288 removed     32 orbit-cols -> solution (rank 94064)  [ranks=(4, 4, 4) edges=--- nonsimplex mags=(1, 1, 1) 01:ne 02:ne 12:eq]
  type  801 size    2304 removed    256 orbit-cols -> solution (rank 94064)  [ranks=(4, 4, 4) edges=--- nonsimplex mags=(1, 1, 2) 01:ne]
  type  802 size    1152 removed    128 orbit-cols -> solution (rank 94064)  [ranks=(4, 4, 4) edges=--- nonsimplex mags=(1, 2, 2) 12:eq]
  type  803 size    1152 removed    128 orbit-cols -> solution (rank 94064)  [ranks=(4, 4, 4) edges=--- nonsimplex mags=(1, 2, 2) 12:ne]
  type  804 size    2304 removed    256 orbit-cols -> solution (rank 94055)  [ranks=(4, 4, 4) edges=--- nonsimplex mags=(1, 2, 3) ]
  type  805 size     192 removed     24 orbit-cols -> solution (rank 94064)  [ranks=(4, 4, 4) edges=--- nonsimplex mags=(1, 1, 1) 01:eq 02:eq 12:eq]
  type  806 size    1152 removed    128 orbit-cols -> solution (rank 94058)  [ranks=(4, 4, 4) edges=--- nonsimplex mags=(1, 1, 2) 01:eq]
  type  807 size     384 removed     48 orbit-cols -> solution (rank 94062)  [ranks=(4, 4, 4) edges=--- nonsimplex mags=(1, 2, 3) ]

knockout done [956s]. NECESSARY types (4 of 808):
  type   28 size    4608  ranks=(1, 2, 3) edges=EEE simplex mags=(1, 2, 3)    rep=((0, 1), (1, 2), (6, 3))
  type   57 size    4608  ranks=(1, 2, 4) edges=EEE simplex mags=(1, 2, 3)    rep=((0, 1), (1, 2), (15, 3))
  type  159 size    4608  ranks=(1, 3, 4) edges=EEE simplex mags=(1, 2, 3)    rep=((0, 1), (4, 2), (21, 3))
  type  477 size    4608  ranks=(2, 3, 4) edges=EEE simplex mags=(1, 2, 3)    rep=((1, 1), (6, 2), (19, 3))
